DATE,ORDER,PRICE
2018-07-01,6024,10304.480000000001
2018-07-02,141203,208925.04
2018-07-03,349952,512696.32999999996
2018-07-04,204462,300972.71
2018-07-05,241256,421626.83
2018-07-06,411339,843769.94
2018-07-07,52895,57756.72
2018-07-08,5859,8839.83
2018-07-09,209392,359022.32
2018-07-10,193515,401966.8
2018-07-11,221005,366276.45
2018-07-12,245062,686595.1900000001
2018-07-13,195793,441707.83
2018-07-14,14689,23904.63
2018-07-15,9253,18293.79
2018-07-16,161719,301217.52
2018-07-17,233096,431607.82999999996
2018-07-18,134951,273171.62
2018-07-19,309092,491834.12
2018-07-20,238127,408513.1
2018-07-21,12840,19463.68
2018-07-22,7564,12587.03
2018-07-23,156469,287529.4
2018-07-24,212366,358734.05
2018-07-25,209918,332110.65
2018-07-26,406840,896589.27
2018-07-27,245552,617375.4099999999
2018-07-28,14008,18974.350000000002
2018-07-29,7381,8760.44
2018-07-30,599404,1009578.69
2018-07-31,422420,811402.0599999999
2018-08-01,167707,278554.42
2018-08-02,270961,560130.37
2018-08-03,231549,471052.84
2018-08-04,112687,166888.07
2018-08-05,16111,12954.42
2018-08-06,180662,357947.0
2018-08-07,208658,449578.04000000004
2018-08-08,253242,536735.0800000001
2018-08-09,161065,377994.24
2018-08-10,361102,831352.2
2018-08-11,31675,82585.41
2018-08-12,5244,10135.39
2018-08-13,276582,561781.56
2018-08-14,328669,652231.76
2018-08-15,10756,32399.480000000003
2018-08-16,215912,465047.83
2018-08-17,227639,469274.02
2018-08-18,159733,367489.65
2018-08-19,11570,30755.79
2018-08-20,185810,428474.59
2018-08-21,312279,572694.89
2018-08-22,225835,419199.37
2018-08-23,258587,520316.27
2018-08-24,298672,579697.62
2018-08-25,119161,223811.13999999998
2018-08-26,13183,29974.2
2018-08-27,228919,390033.87
2018-08-28,391411,614781.22
2018-08-29,207549,383048.89
2018-08-30,225959,429351.70999999996
2018-08-31,241750,482939.19
2018-09-01,102263,216885.12
2018-09-02,14741,31885.58
2018-09-03,197510,467091.54
2018-09-04,221045,428657.57999999996
2018-09-05,241121,436263.58999999997
2018-09-06,305257,511126.91
2018-09-07,371218,559995.9400000001
2018-09-08,82044,396095.97
2018-09-09,14620,32818.65
2018-09-10,235256,445121.34
2018-09-11,268340,480818.57
2018-09-12,234138,347703.11
2018-09-13,114932,185452.56
2018-09-14,219730,302766.97000000003
2018-09-15,131753,199504.87
2018-09-16,17301,40729.03
2018-09-17,248236,409529.17
2018-09-18,376815,421633.06
2018-09-19,354912,546510.22
2018-09-20,506979,727087.38
2018-09-21,738819,950353.29
2018-09-22,64275,93409.82
2018-09-23,7404,14161.380000000001
2018-09-24,249941,326846.0
2018-09-25,301389,429303.00999999995
2018-09-26,619036,834528.64
2018-09-27,278386,410491.38
2018-09-28,693819,941442.1900000001
2018-09-29,196283,223937.66
2018-09-30,11183,24085.899999999998
2018-10-01,538205,665104.29
2018-10-02,668141,620170.67
2018-10-03,323874,332167.42000000004
2018-10-04,606575,600201.57
2018-10-05,842824,671360.51
2018-10-06,359215,286790.52
2018-10-07,14904,28567.55
2018-10-08,416647,467816.10000000003
2018-10-09,618121,525015.81
2018-10-10,766625,673237.56
2018-10-11,604759,617525.39
2018-10-12,885872,865847.12
2018-10-13,252049,241104.66999999998
2018-10-14,20946,25340.310000000005
2018-10-15,576820,945664.63
2018-10-16,632363,769745.42
2018-10-17,493952,606276.93
2018-10-18,474587,526047.25
2018-10-19,764446,1163581.0499999998
2018-10-20,244394,223300.74000000002
2018-10-21,6698,9067.72
2018-10-22,834349,811379.35
2018-10-23,713669,659005.89
2018-10-24,429414,427215.74
2018-10-25,516463,559087.31
2018-10-26,639980,851269.6799999999
2018-10-27,167552,173305.61
2018-10-28,31571,33115.12
2018-10-29,571194,716216.82
2018-10-30,311062,400487.85
2018-10-31,382147,588111.55
2018-11-01,29895,29100.41
2018-11-02,504731,625196.7
2018-11-03,46263,66580.08
2018-11-04,13874,14413.890000000001
2018-11-05,398253,464022.93
2018-11-06,487795,794875.0
2018-11-07,346302,393036.28
2018-11-08,410471,454835.13
2018-11-09,464334,547066.93
2018-11-10,39612,35638.850000000006
2018-11-11,21496,12239.300000000001
2018-11-12,416700,476979.41000000003
2018-11-13,422832,505754.96
2018-11-14,359473,619923.27
2018-11-15,406765,456269.63
2018-11-16,484575,488416.14
2018-11-17,101011,99968.96
2018-11-18,13686,13872.980000000001
2018-11-19,391306,345526.31
2018-11-20,449300,875672.47
2018-11-21,259380,218095.38
2018-11-22,333890,289991.58999999997
2018-11-23,337623,335005.7
2018-11-24,57459,66633.17
2018-11-25,21738,22116.94
2018-11-26,362516,334550.52
2018-11-27,430353,392739.83999999997
2018-11-28,323810,271783.2
2018-11-29,440573,536815.36
2018-11-30,500949,1180483.81
2018-12-01,46316,69232.09
2018-12-02,31460,24573.78
2018-12-03,351222,342173.65
2018-12-04,411119,382519.87000000005
2018-12-05,354331,336117.68
2018-12-06,377005,322719.35000000003
2018-12-07,455529,367927.05
2018-12-08,91721,105228.18000000001
2018-12-09,35398,48590.39
2018-12-10,378333,297945.83
2018-12-11,751469,652855.02
2018-12-12,432383,401459.43000000005
2018-12-13,355453,376695.58999999997
2018-12-14,527181,534130.29
2018-12-15,217481,163776.93000000002
2018-12-16,79925,70128.15000000001
2018-12-17,515154,523620.6
2018-12-18,444892,535793.42
2018-12-19,273127,288373.66
2018-12-20,338660,812618.89
2018-12-21,515997,669370.32
2018-12-22,40810,45839.82
2018-12-23,7453,7558.36
2018-12-24,286304,285192.7
2018-12-25,3409,4029.9100000000003
2018-12-26,383831,377751.73000000004
2018-12-27,280698,307015.67000000004
2018-12-28,389620,453597.95
2018-12-29,125612,150836.66999999998
2018-12-30,1715,2698.09
2018-12-31,318469,414205.69
2019-01-01,3601,2507.89
2019-01-02,237371,306610.76
2019-01-03,186125,260622.30000000002
2019-01-04,535277,610152.51
2019-01-05,69482,52230.020000000004
2019-01-06,15198,13417.179999999998
2019-01-07,209495,242278.72999999998
2019-01-08,346640,437919.48
2019-01-09,254278,761197.1
2019-01-10,338148,511707.66
2019-01-11,300470,466892.42
2019-01-12,80108,114055.84000000001
2019-01-13,11951,17654.5
2019-01-14,295146,494653.76
2019-01-15,332228,572787.67
2019-01-16,187435,290732.12
2019-01-17,293997,774843.25
2019-01-18,187740,284719.99
2019-01-19,62718,85243.69
2019-01-20,10459,14963.74
2019-01-21,219359,342403.85
2019-01-22,243507,333088.57
2019-01-23,210047,313636.46
2019-01-24,232730,278180.34
2019-01-25,206271,358834.95
2019-01-26,36850,59953.88
2019-01-27,18967,25636.27
2019-01-28,152041,254885.06
2019-01-29,229698,416087.6
2019-01-30,182482,369312.31
2019-01-31,231718,572894.18
2019-02-01,247337,588997.29
2019-02-02,54935,97454.43
2019-02-03,17185,33148.61
2019-02-04,224593,346330.01999999996
2019-02-05,322283,496545.35
2019-02-06,267379,465856.32
2019-02-07,304642,545873.49
2019-02-08,347171,664090.9
2019-02-09,109199,179411.77
2019-02-10,13236,28041.79
2019-02-11,317895,605751.24
2019-02-12,411166,696481.98
2019-02-13,218011,436319.48000000004
2019-02-14,243704,432823.19
2019-02-15,296489,598230.62
2019-02-16,71287,135969.07
2019-02-17,19301,39351.93
2019-02-18,193225,406117.49
2019-02-19,384795,580726.8200000001
2019-02-20,300027,425275.82999999996
2019-02-21,274465,443678.96
2019-02-22,451947,630631.15
2019-02-23,73192,160996.00999999998
2019-02-24,15989,32644.27
2019-02-25,375462,723364.41
2019-02-26,234010,474228.38
2019-02-27,240672,562792.98
2019-02-28,195216,554975.71
2019-03-01,265091,534890.56
2019-03-02,90939,203880.26
2019-03-03,8522,30239.969999999998
2019-03-04,213919,481832.32999999996
2019-03-05,377943,621659.07
2019-03-06,197714,331703.72
2019-03-07,354344,642519.9400000001
2019-03-08,325678,624487.2
2019-03-09,53543,120988.79000000001
2019-03-10,10625,30482.989999999998
2019-03-11,299516,658966.96
2019-03-12,383407,784301.76
2019-03-13,207285,423962.8
2019-03-14,327995,1089690.76
2019-03-15,380473,670488.72
2019-03-16,82899,209963.65
2019-03-17,14807,45969.15
2019-03-18,289849,540543.33
2019-03-19,413040,986383.4199999999
2019-03-20,278971,472661.42
2019-03-21,328280,469329.43
2019-03-22,425949,580378.5800000001
2019-03-23,44789,96436.26000000001
2019-03-24,8476,25436.530000000002
2019-03-25,304541,472835.4
2019-03-26,427154,670006.87
2019-03-27,259055,484954.3
2019-03-28,264543,465625.56
2019-03-29,286545,493443.77999999997
2019-03-30,79870,134097.43
2019-03-31,8859,16859.8
2019-04-01,272379,447461.63
2019-04-02,302287,543341.87
2019-04-03,236334,491735.45000000007
2019-04-04,240001,474738.5
2019-04-05,245174,479447.67
2019-04-06,57134,98417.67
2019-04-07,15962,30371.870000000003
2019-04-08,263206,439574.77
2019-04-09,312968,652675.53
2019-04-10,213867,844701.98
2019-04-11,236588,588355.2999999999
2019-04-12,310822,936758.14
2019-04-13,50083,83984.83
2019-04-14,24270,46018.420000000006
2019-04-15,482951,1037227.0800000001
2019-04-16,355304,739339.9
2019-04-17,242071,423580.99
2019-04-18,207864,388866.29000000004
2019-04-19,313348,611177.14
2019-04-20,78985,122885.0
2019-04-21,10427,14035.06
2019-04-22,25373,32858.54
2019-04-23,213130,417033.01999999996
2019-04-24,212198,396624.7
2019-04-25,179514,400499.35000000003
2019-04-26,207715,489950.55
2019-04-27,54440,79080.79000000001
2019-04-28,37143,43634.64
2019-04-29,206300,462583.42
2019-04-30,298910,614279.7100000001
2019-05-01,15452,28500.739999999998
2019-05-02,187428,417069.5
2019-05-03,221463,542612.45
2019-05-04,86138,152970.35
2019-05-05,10636,14382.26
2019-05-06,215892,534712.62
2019-05-07,279918,566918.39
2019-05-08,247723,482305.52
2019-05-09,275289,446663.52
2019-05-10,530540,975914.1300000001
2019-05-11,62058,74152.57999999999
2019-05-12,14126,15798.98
2019-05-13,262488,403088.9
2019-05-14,370911,545093.76
2019-05-15,333249,527802.1900000001
2019-05-16,267441,511421.47
2019-05-17,370488,666026.87
2019-05-18,70170,86841.73999999999
2019-05-19,32547,40964.71
2019-05-20,252820,438763.46
2019-05-21,306652,539452.8999999999
2019-05-22,271684,386408.20999999996
2019-05-23,168714,280461.15
2019-05-24,230778,389953.26
2019-05-25,87229,123465.92
2019-05-26,25597,36234.560000000005
2019-05-27,234435,379982.91000000003
2019-05-28,240703,385033.46
2019-05-29,182690,310272.23
2019-05-30,10349,13439.08
2019-05-31,251626,517199.44
2019-06-01,51734,78074.47
2019-06-02,26269,35583.03
2019-06-03,234554,438371.64999999997
2019-06-04,260494,461119.05
2019-06-05,197867,376648.88
2019-06-06,210656,387454.31999999995
2019-06-07,352974,589727.66
2019-06-08,72365,110469.11
2019-06-09,6460,9959.630000000001
2019-06-10,30330,40649.76
2019-06-11,306639,496506.82
2019-06-12,214818,325112.30000000005
2019-06-13,298815,418250.18
2019-06-14,298305,451055.61
2019-06-15,116305,182478.76
2019-06-16,14246,20010.0
2019-06-17,253284,433265.26999999996
2019-06-18,333988,494927.38
2019-06-19,229434,385447.47000000003
2019-06-20,169508,290960.18
2019-06-21,310226,556132.73
2019-06-22,60928,87845.14
2019-06-23,13044,16622.059999999998
2019-06-24,184888,314073.94
2019-06-25,239237,400160.69999999995
2019-06-26,193553,336504.15
2019-06-27,253050,426231.89
2019-06-28,246113,449343.06
2019-06-29,45962,93535.27
2019-07-01,285660,548465.56
2019-07-02,237073,641512.3200000001
2019-07-03,163564,395785.32999999996
2019-07-04,201889,408968.8
2019-07-05,260850,799592.35
2019-07-06,62125,92853.37999999999
2019-07-07,8806,13047.82
2019-07-08,222829,534622.36
2019-07-09,197106,463265.88
2019-07-10,204177,529390.78
2019-07-11,251193,546675.76
2019-07-12,266023,614275.26
2019-07-13,90092,170773.81
2019-07-14,4848,7982.820000000001
2019-07-15,257348,607657.46
2019-07-16,289211,554191.37
2019-07-17,230616,479669.19
2019-07-18,209067,417887.58999999997
2019-07-19,237899,472478.73
2019-07-20,52475,84869.45999999999
2019-07-21,4413,6009.8
2019-07-22,216291,395105.41
2019-07-23,300305,482482.79000000004
2019-07-24,196981,351422.57
2019-07-25,244072,410253.61
2019-07-26,254822,434639.63
2019-07-27,30519,43355.729999999996
2019-07-28,4351,10735.05
2019-07-29,230760,421224.84
2019-07-30,273468,476998.6
2019-07-31,158394,278414.66
2019-08-01,289500,776796.37
2019-08-02,291922,408554.33
2019-08-03,45062,65149.59
2019-08-04,385,1090.48
2019-08-05,249834,351183.89
2019-08-06,325899,398712.94
2019-08-07,263808,379855.46
2019-08-08,286126,355703.72000000003
2019-08-09,492295,798392.94
2019-08-10,33095,66480.34999999999
2019-08-11,13221,31272.08
2019-08-12,440116,705153.62
2019-08-13,296431,547607.05
2019-08-14,381286,698218.61
2019-08-15,14209,24740.370000000003
2019-08-16,345871,626056.26
2019-08-17,24059,51945.53
2019-08-18,3528,11191.410000000002
2019-08-19,420725,756515.1
2019-08-20,354479,492652.22000000003
2019-08-21,301731,461158.36
2019-08-22,244086,324289.54
2019-08-23,481430,739484.6799999999
2019-08-24,33553,68080.57
2019-08-25,3781,11835.220000000001
2019-08-26,173498,270981.29
2019-08-27,233678,376242.11
2019-08-28,192128,326522.14999999997
2019-08-29,229504,355684.25
2019-08-30,310911,489705.94
2019-08-31,17344,46434.14
2019-09-01,2936,9069.19
2019-09-02,185017,363994.04000000004
2019-09-03,251076,472526.71
2019-09-04,162874,373258.92
2019-09-05,185667,380117.27
2019-09-06,266805,534974.32
2019-09-07,25862,62988.259999999995
2019-09-08,6136,17291.19
2019-09-09,229252,454567.98
2019-09-10,289086,504414.62000000005
2019-09-11,174772,353387.63
2019-09-12,237560,444161.1
2019-09-13,377977,724788.41
2019-09-14,25683,52008.28
2019-09-15,5550,13434.14
2019-09-16,275246,556657.37
2019-09-17,351708,762120.46
2019-09-18,255031,526289.47
2019-09-19,293629,510009.85
2019-09-20,505027,719325.8200000001
2019-09-21,36772,62022.95
2019-09-22,7886,12276.34
2019-09-23,338865,1107346.8599999999
2019-09-24,428032,590302.8200000001
2019-09-25,242002,371944.54
2019-09-26,297039,391261.64
2019-09-27,796412,845657.17
2019-09-28,38706,50102.49
2019-09-29,5725,10564.23
2019-09-30,386024,419728.82
2019-10-01,559874,539864.58
2019-10-02,481654,522767.66
2019-10-03,534783,479814.85
2019-10-04,812930,676156.66
2019-10-05,27689,44894.04
2019-10-06,8693,13136.24
2019-10-07,561405,472682.49
2019-10-08,653264,489121.87
2019-10-09,473544,413429.07
2019-10-10,516895,498749.46
2019-10-11,669280,741678.6
2019-10-12,59213,66377.33
2019-10-13,11777,14964.27
2019-10-14,437078,582869.03
2019-10-15,657513,636468.43
2019-10-16,534738,631144.54
2019-10-17,403739,651628.9600000001
2019-10-18,693494,664357.4400000001
2019-10-19,59554,59539.4
2019-10-20,30920,24060.73
2019-10-21,382586,330993.27
2019-10-22,544428,471539.36
2019-10-23,433519,423098.0
2019-10-24,418678,394344.26
2019-10-25,411369,462861.88
2019-10-26,42024,52143.04000000001
2019-10-27,21928,22111.300000000003
2019-10-28,427815,434780.13
2019-10-29,338751,370266.68
2019-10-30,300219,270063.68
2019-10-31,606306,561521.27
2019-11-01,1365,2042.17
2019-11-02,38752,46460.4
2019-11-03,20790,22286.53
2019-11-04,320316,326271.57
2019-11-05,365842,392117.43
2019-11-06,385450,435310.31
2019-11-07,233975,282774.56
2019-11-08,580208,1058531.65
2019-11-09,92501,104413.82999999999
2019-11-10,18734,17120.38
2019-11-11,22574,20137.1
2019-11-12,567987,599590.54
2019-11-13,502495,516367.79000000004
2019-11-14,368164,375237.2
2019-11-15,676084,665529.39
2019-11-16,55846,49329.6
2019-11-17,27755,16654.76
2019-11-18,370731,399581.63
2019-11-19,462255,504646.54
2019-11-20,311983,332384.22000000003
2019-11-21,276504,309967.41
2019-11-22,441176,834021.88
2019-11-23,40810,46455.5
2019-11-24,14086,13869.16
2019-11-25,312372,349183.83
2019-11-26,338113,354466.18
2019-11-27,283275,321670.89
2019-11-28,276851,312003.74
2019-11-29,340978,358801.86
2019-11-30,84756,86151.04000000001
2019-12-01,32500,36926.01
2019-12-02,373008,370866.37
2019-12-03,406703,410416.31
2019-12-04,385487,493190.82999999996
2019-12-05,336182,402053.31
2019-12-06,328481,446556.06
2019-12-07,51443,59645.09
2019-12-08,60610,45506.79
2019-12-09,451976,588067.74
2019-12-10,307736,388365.36
2019-12-11,441989,513128.96
2019-12-12,305704,341157.56
2019-12-13,385465,714472.29
2019-12-14,36395,35334.27
2019-12-15,50029,48866.76
2019-12-16,441984,517442.13999999996
2019-12-17,353318,377606.85000000003
2019-12-18,446430,487525.63
2019-12-19,531737,615338.25
2019-12-20,332069,357038.96
2019-12-21,45364,51831.04
2019-12-22,72725,77412.74
2019-12-23,352411,399937.44
2019-12-24,470402,506308.73
2019-12-25,1082,752.1899999999999
2019-12-26,240840,238540.05000000002
2019-12-27,543113,596435.63
2019-12-28,11724,9270.279999999999
2019-12-29,23623,21790.190000000002
2019-12-30,390486,424392.61
2019-12-31,314741,336034.51999999996
2020-01-01,2914,3449.56
2020-01-02,404862,418259.64999999997
2020-01-03,281185,376685.68
2020-01-04,49012,59262.270000000004
2020-01-05,25585,26394.25
2020-01-06,219720,291605.55
2020-01-07,278362,776460.7799999999
2020-01-08,265138,434445.46
2020-01-09,366075,515026.58999999997
2020-01-10,460344,779693.5700000001
2020-01-11,57339,67405.74
2020-01-12,26519,18830.48
2020-01-13,446131,659067.21
2020-01-14,260897,371130.83
2020-01-15,303189,474208.29000000004
2020-01-16,216849,293889.9
2020-01-17,297734,427454.8
2020-01-18,44805,65531.25
2020-01-19,7445,11549.15
2020-01-20,221001,297649.11
2020-01-21,212645,303522.11000000004
2020-01-22,166111,249331.61
2020-01-23,220517,337173.94
2020-01-24,223272,363168.05
2020-01-25,27029,53435.36
2020-01-26,13793,25235.230000000003
2020-01-27,192183,302176.55
2020-01-28,189903,267822.6
2020-01-29,207157,784711.59
2020-01-30,149131,222951.70999999996
2020-01-31,293283,342775.36
2020-02-01,44397,80370.45999999999
2020-02-02,12388,18191.379999999997
2020-02-03,280601,327641.1
2020-02-04,279384,344710.29
2020-02-05,192424,292641.35
2020-02-06,328707,458349.3
2020-02-07,515722,588832.15
2020-02-08,31925,74084.65
2020-02-09,9101,19194.780000000002
2020-02-10,384136,449909.42000000004
2020-02-11,400494,496652.23
2020-02-12,318398,444902.08
2020-02-13,493684,732189.55
2020-02-14,432829,798607.14
2020-02-15,45527,115539.57999999999
2020-02-16,14110,36177.91
2020-02-17,325106,780305.36
2020-02-18,378066,864965.88
2020-02-19,244472,619834.6900000001
2020-02-20,297424,703920.0499999999
2020-02-21,318354,722382.0700000001
2020-02-22,36115,97989.87
2020-02-23,8569,26737.81
2020-02-24,224917,442557.54
2020-02-25,234609,504640.26
2020-02-26,216807,470774.69
2020-02-27,170702,423146.08
2020-02-28,262238,666679.12
2020-02-29,36807,113796.63
2020-03-01,8855,27965.079999999998
2020-03-02,259060,640801.21
2020-03-03,241016,553542.08
2020-03-04,213353,495392.5
2020-03-05,211051,455026.51999999996
2020-03-06,260966,491379.01
2020-03-07,43353,87568.38
2020-03-08,8802,22032.45
2020-03-09,243371,503538.45
2020-03-10,243857,475423.02999999997
2020-03-11,143419,379013.57
2020-03-12,227147,608974.14
2020-03-13,288771,709609.1799999999
2020-03-14,47522,117606.25
2020-03-15,3512,6484.01
2020-03-16,310272,954598.9700000001
2020-03-17,57242,152247.73
2020-03-18,25071,48677.24
2020-03-19,16991,62187.62
2020-03-20,9028,25822.079999999998
2020-03-23,9297,28896.75
2020-03-24,5888,17787.84
2020-03-27,3226,7338.87
2020-03-30,483,1006.0
2020-04-01,8607,18277.78
2020-04-02,6,7.95
2020-04-03,484,588.54
2020-04-06,503,842.64
2020-04-07,6783,4840.58
2020-04-08,1257,4.6000000000000005
2020-04-09,3155,416.92
2020-04-10,16388,57154.5
2020-04-11,506,55.05
2020-04-14,16965,55081.490000000005
2020-04-15,23948,82024.95
2020-04-16,9071,18596.68
2020-04-20,433,355.57
2020-04-21,23008,69135.15
2020-04-22,14429,51556.96000000001
2020-04-23,13294,27536.08
2020-04-24,5355,13666.33
2020-04-26,4,49.95
2020-04-27,12463,54893.86
2020-04-28,19975,77743.44
2020-04-29,17065,57713.97
2020-04-30,13369,37550.950000000004
2020-05-01,1954,1832.18
2020-05-04,653,2830.55
2020-05-05,29839,76712.88
2020-05-06,15316,48630.5
2020-05-07,18384,54743.43
2020-05-08,2274,5047.5599999999995
2020-05-09,8087,15658.529999999999
2020-05-10,11717,22456.6
2020-05-11,3893,10580.099999999999
2020-05-12,39613,80573.03
2020-05-13,67374,168203.43
2020-05-14,63566,162583.05000000002
2020-05-15,3616,7724.51
2020-05-16,73172,183568.07
2020-05-17,25186,67253.71
2020-05-18,56231,147807.94
2020-05-19,68002,178302.82
2020-05-20,113869,413931.35000000003
2020-05-21,5949,10954.939999999999
2020-05-22,132397,348912.08999999997
2020-05-23,13173,41976.229999999996
2020-05-24,34861,131622.89
2020-05-25,101562,327344.54
2020-05-26,151453,439793.64
2020-05-27,159380,489586.92
2020-05-28,183914,552507.82
2020-05-29,222536,686005.5
2020-05-30,37291,112468.67
2020-05-31,8226,32288.98
2020-06-01,59782,207633.88999999998
2020-06-02,459342,1350659.45
2020-06-03,284055,814356.0700000001
2020-06-04,428174,1330122.87
2020-06-05,397792,1128170.63
2020-06-06,112061,308129.58
2020-06-07,24712,59800.630000000005
2020-06-08,427372,1114308.33
2020-06-09,446103,1113362.75
2020-06-10,262177,638303.9700000001
2020-06-11,378016,914647.66
2020-06-12,359389,811286.7000000001
2020-06-13,62096,137607.2
2020-06-14,31003,56326.35
2020-06-15,476469,987806.7100000001
2020-06-16,428023,994280.6
2020-06-17,282038,649733.51
2020-06-18,315539,782319.47
2020-06-19,279590,636606.9
2020-06-20,96926,168029.38
2020-06-21,31214,51983.15
2020-06-22,392980,882066.1799999999
2020-06-23,429703,903746.68
2020-06-24,265686,561136.19
2020-06-25,395277,826860.33
2020-06-26,303787,691028.9299999999
2020-06-27,155628,272453.91
2020-06-28,31291,41709.61
2020-06-29,323464,746827.37
2020-06-30,345522,784145.4
2020-07-01,302212,658275.4400000001
2020-07-02,328056,745470.86
2020-07-03,233697,682384.86
2020-07-04,103612,168366.74
2020-07-05,57803,74726.06999999999
2020-07-06,435186,945897.14
2020-07-07,326531,626425.11
2020-07-08,281740,435504.93
2020-07-09,331982,616925.08
2020-07-10,306155,595427.6599999999
2020-07-11,72387,80734.83
2020-07-12,50733,43632.66
2020-07-13,394286,612274.85
2020-07-14,267512,409117.17000000004
2020-07-15,317410,474332.35
2020-07-16,287074,546503.71
2020-07-17,252407,573736.91
2020-07-18,53986,75695.6
2020-07-19,14954,11623.019999999999
2020-07-20,381695,673435.63
2020-07-21,149220,135435.77
2020-07-22,303899,571347.09
2020-07-23,342460,701330.4400000001
2020-07-24,314054,747327.96
2020-07-25,54724,78528.43999999999
2020-07-26,20566,30827.52
2020-07-27,405857,708694.37
2020-07-28,368937,615649.79
2020-07-29,251535,367516.19
2020-07-30,368317,574088.74
2020-07-31,370140,501933.95
2020-08-01,46521,91722.18
2020-08-02,22848,34215.19
2020-08-03,350361,492709.05
2020-08-04,276020,419436.99
2020-08-05,287213,823631.72
2020-08-06,358011,538311.78
2020-08-07,329589,509063.87
2020-08-08,54001,93830.66
2020-08-09,22558,34375.83
2020-08-10,351999,581771.76
2020-08-11,257202,418302.54
2020-08-12,204836,377584.39
2020-08-13,210294,413565.14999999997
2020-08-14,258146,529641.97
2020-08-15,35317,80953.67
2020-08-16,21420,41037.26
2020-08-17,275034,468615.06
2020-08-18,251626,1032242.0399999999
2020-08-19,195181,435104.64999999997
2020-08-20,260926,547074.47
2020-08-21,255698,565935.66
2020-08-22,45436,102029.52
2020-08-23,26351,53505.58
2020-08-24,316822,651560.9
2020-08-25,244014,446820.28
2020-08-26,268871,431767.52999999997
2020-08-27,390365,689828.01
2020-08-28,279698,436396.86
2020-08-29,93540,188440.63999999998
2020-08-30,25259,47747.729999999996
2020-08-31,393813,674992.76
2020-09-01,319784,689571.7
2020-09-02,231800,498400.04
2020-09-03,312449,687550.8
2020-09-04,258443,580153.17
2020-09-05,102856,248402.02
2020-09-06,33301,73078.90000000001
2020-09-07,304597,502865.59
2020-09-08,358312,703497.53
2020-09-09,242025,470202.69999999995
2020-09-10,269576,618441.1
2020-09-11,359603,853117.1
2020-09-12,97356,241761.89
2020-09-13,29230,57580.840000000004
2020-09-14,288104,520082.41
2020-09-15,420597,831192.36
2020-09-16,230139,425509.93
2020-09-17,302458,649472.6
2020-09-18,416632,674052.07
2020-09-19,143667,286957.97
2020-09-20,31965,67818.97
2020-09-21,358956,584734.7799999999
2020-09-22,438662,754987.08
2020-09-23,326740,533819.92
2020-09-24,398645,715349.5700000001
2020-09-25,334449,482845.31
2020-09-26,253445,429085.88
2020-09-27,30906,59223.44
2020-09-28,366146,585528.16
2020-09-29,494303,808797.5299999999
2020-09-30,361768,540210.22
2020-10-01,511439,792143.02
2020-10-02,580825,609962.28
2020-10-03,219683,304902.51
2020-10-04,46270,70133.26999999999
2020-10-05,732780,852258.2
2020-10-06,624775,857411.17
2020-10-07,490029,634566.5399999999
2020-10-08,665231,880048.11
2020-10-09,666863,768080.17
2020-10-10,220104,299374.64999999997
2020-10-11,61596,75934.87
2020-10-12,791549,771399.56
2020-10-13,677584,807628.47
2020-10-14,596672,675272.7599999999
2020-10-15,598141,794542.68
2020-10-16,592266,739494.12
2020-10-17,166285,249743.88
2020-10-18,47061,59284.61000000001
2020-10-19,620345,894104.1
2020-10-20,694107,903167.05
2020-10-21,387684,525077.75
2020-10-22,526681,810910.39
2020-10-23,564483,638719.6699999999
2020-10-24,249610,344118.07
2020-10-25,35835,61742.25
2020-10-26,550992,873645.8700000001
2020-10-27,635991,883833.49
2020-10-28,519507,619702.87
2020-10-29,864516,984312.8099999999
2020-10-30,662292,653704.61
2020-10-31,29500,68351.9
2020-11-01,37741,70491.46999999999
2020-11-02,218693,249019.38999999998
2020-11-03,241033,238763.94
2020-11-04,164456,562375.03
2020-11-05,210666,261331.53
2020-11-06,293291,390305.88
2020-11-07,21361,32400.079999999998
2020-11-08,19302,43235.25
2020-11-09,202861,258548.21
2020-11-10,100441,129235.53
2020-11-11,23176,29561.1
2020-11-12,204692,341070.26
2020-11-13,343614,496103.8
2020-11-14,3881,10571.96
2020-11-15,2834,3303.55
2020-11-16,269244,395345.89
2020-11-17,283048,441405.22000000003
2020-11-18,293512,699811.88
2020-11-19,278217,430481.26
2020-11-20,425679,569818.74
2020-11-21,53543,84372.76
2020-11-22,2046,2446.66
2020-11-23,262923,328294.85
2020-11-24,269300,324686.17000000004
2020-11-25,234367,320974.72
2020-11-26,335744,505817.39
2020-11-27,358259,520443.74
2020-11-28,5069,12775.25
2020-11-29,1999,2071.86
2020-11-30,391904,492341.65
2020-12-01,257405,342754.1
2020-12-02,289377,442273.06
2020-12-03,380565,579940.71
2020-12-04,366854,490991.59
2020-12-05,22015,33530.65000000001
2020-12-06,22038,37621.26
2020-12-07,547826,686037.62
2020-12-08,528024,715353.16
2020-12-09,362411,460384.68
2020-12-10,421553,626016.01
2020-12-11,317590,414640.11
2020-12-12,358079,437459.08
2020-12-13,112064,166211.07
2020-12-14,382920,512746.49
2020-12-15,353056,424696.77
2020-12-16,336112,443250.22000000003
2020-12-17,393182,476225.95999999996
2020-12-18,627836,648875.85
2020-12-19,67856,73023.72
2020-12-20,120287,168153.63
2020-12-21,380894,472693.91
2020-12-22,374430,514926.86
2020-12-23,290733,380112.96
2020-12-24,548327,645099.34
2020-12-26,41893,63377.95
2020-12-27,87067,136590.29
2020-12-28,456647,650028.8800000001
2020-12-29,290171,368818.36
2020-12-30,470294,607293.7
2020-12-31,351140,390861.38
2021-01-02,43912,112480.79
2021-01-03,21316,34102.69
2021-01-04,452658,567301.04
2021-01-05,534599,785073.11
2021-01-06,246203,347647.45
2021-01-07,301054,1050264.48
2021-01-08,286693,391168.79000000004
2021-01-09,68394,146125.49000000002
2021-01-10,18370,32179.49
2021-01-11,312280,427442.77
2021-01-12,226098,343375.27
2021-01-13,201043,332129.22
2021-01-14,200282,342182.18
2021-01-15,240870,527189.18
2021-01-16,75087,165247.43
2021-01-17,8102,17231.13
2021-01-18,226201,404417.89
2021-01-19,267813,462103.91000000003
2021-01-20,178372,353334.62
2021-01-21,212028,377875.57999999996
2021-01-22,381818,623922.87
2021-01-23,57962,115592.1
2021-01-24,36676,94788.72
2021-01-25,243152,393133.33
2021-01-26,269129,504263.76
2021-01-27,221925,411469.02
2021-01-28,237278,416873.25
2021-01-29,211183,417439.81
2021-01-30,75089,172497.09
2021-01-31,21347,51396.270000000004
2021-02-01,273388,457035.62
2021-02-02,278872,548888.62
2021-02-03,239329,472434.77
2021-02-04,228542,455917.85
2021-02-05,286305,469080.83
2021-02-06,91423,224573.56
2021-02-07,24483,55593.08
2021-02-08,329161,520281.63999999996
2021-02-09,312907,612080.5
2021-02-10,366285,625874.0299999999
2021-02-11,344898,610450.54
2021-02-12,377121,554736.79
2021-02-13,116701,288993.53
2021-02-14,20798,61249.07
2021-02-15,448069,729983.03
2021-02-16,375598,713833.5499999999
2021-02-17,321754,510939.53
2021-02-18,369311,1079069.27
2021-02-19,412512,609943.74
2021-02-20,130342,347811.2
2021-02-21,25114,73299.43000000001
2021-02-22,344546,633384.12
2021-02-23,391333,887655.87
2021-02-24,265175,603382.55
2021-02-25,283649,744220.27
2021-02-26,329216,1194443.74
2021-02-27,179584,485931.75
2021-02-28,27303,76602.40000000001
2021-03-01,304222,799283.55
2021-03-02,498904,1238070.5899999999
2021-03-03,299237,787225.53
2021-03-04,294171,824551.1599999999
2021-03-05,314157,705806.2300000001
2021-03-06,147951,440125.44
2021-03-07,38306,105302.37999999999
2021-03-08,341492,806380.66
2021-03-09,426702,1155624.73
2021-03-10,246012,632306.32
2021-03-11,350476,1017019.02
2021-03-12,454016,859788.1000000001
2021-03-13,136178,424223.12
2021-03-14,26584,76814.20999999999
2021-03-15,312966,732188.65
2021-03-16,420484,1051894.9000000001
2021-03-17,314702,727010.85
2021-03-18,407952,1095638.41
2021-03-19,349654,808349.62
2021-03-20,85607,321842.03
2021-03-21,11928,38168.119999999995
2021-03-22,282590,712091.71
2021-03-23,364267,1032985.23
2021-03-24,250256,707604.14
2021-03-25,272619,675492.0599999999
2021-03-26,327808,668474.29
2021-03-27,55304,142439.56
2021-03-28,23001,71936.01
2021-03-29,269044,748997.1100000001
2021-03-30,146960,443847.23000000004
2021-03-31,259447,669265.2899999999
2021-04-01,106085,287957.97
2021-04-02,134909,335624.07999999996
2021-04-03,29597,133276.87
2021-04-04,2576,9335.880000000001
2021-04-05,55471,171950.16999999998
2021-04-06,193531,504892.68000000005
2021-04-07,116011,299489.89999999997
2021-04-08,150661,513491.51
2021-04-09,140912,320709.12
2021-04-10,17067,58913.64000000001
2021-04-11,8285,33276.12
2021-04-12,209872,623031.0800000001
2021-04-13,226518,621941.91
2021-04-14,126453,365121.67000000004
2021-04-15,210492,864419.2799999999
2021-04-16,210573,626559.59
2021-04-17,19874,83185.34
2021-04-18,3942,15619.07
2021-04-19,273412,882703.88
2021-04-20,255410,836465.53
2021-04-21,110663,729748.25
2021-04-22,248912,827064.62
2021-04-23,376070,995870.64
2021-04-24,25896,97479.43999999999
2021-04-25,7870,40190.3
2021-04-26,263802,817919.7999999999
2021-04-27,165591,473562.33
2021-04-28,205478,701354.99
2021-04-29,259200,815004.06
2021-04-30,359007,1076587.5
2021-05-01,3085,17159.89
2021-05-02,16882,62400.42
2021-05-03,317246,876012.29
2021-05-04,236662,756174.0
2021-05-05,171758,451024.87
2021-05-06,227355,651811.37
2021-05-07,330983,906005.93
2021-05-08,48808,141110.57
2021-05-09,37769,118375.90999999999
2021-05-10,302897,890818.8
2021-05-11,213025,634952.5
2021-05-12,252426,646409.12
2021-05-13,44502,127838.19
2021-05-14,350964,770439.63
2021-05-15,35421,118214.29
2021-05-16,25788,94678.04
2021-05-17,311212,769304.74
2021-05-18,317370,799606.69
2021-05-19,290172,839871.2400000001
2021-05-20,198454,515161.45999999996
2021-05-21,427880,968540.6900000001
2021-05-22,99982,241144.39
2021-05-23,4262,25849.37
2021-05-24,81219,281222.48000000004
2021-05-25,389444,1069589.07
2021-05-26,244764,709998.42
2021-05-27,503639,1296905.7
2021-05-28,402078,940057.36
2021-05-29,64140,208691.55000000002
2021-05-30,11112,46458.06
2021-05-31,203994,510434.52
2021-06-01,176600,496928.35000000003
2021-06-02,216612,601019.7
2021-06-03,407159,1152075.61
2021-06-04,233019,694878.81
2021-06-05,36162,145228.99
2021-06-06,15359,54933.45
2021-06-07,391784,1109107.01
2021-06-08,334287,1032051.76
2021-06-09,279278,791567.61
2021-06-10,190763,681487.9
2021-06-11,370284,800382.2000000001
2021-06-12,88290,259240.41
2021-06-13,11132,52759.54
2021-06-14,271721,715725.39
2021-06-15,286443,735891.0700000001
2021-06-16,264025,659604.5
2021-06-17,267640,817142.6799999999
2021-06-18,349886,767727.81
2021-06-19,78495,240546.21
2021-06-20,14323,60202.479999999996
2021-06-21,290137,737543.0599999999
2021-06-22,348412,821839.94
2021-06-23,224672,599290.85
2021-06-24,231365,648099.17
2021-06-25,290369,718906.76
2021-06-26,29284,133634.67
2021-06-27,14848,57206.25
2021-06-28,279160,697715.47
2021-06-29,192428,538025.96
2021-06-30,187576,530619.5
2021-07-01,210904,654571.83
2021-07-02,270288,721759.13
2021-07-03,49531,180966.47999999998
2021-07-04,19029,68442.94
2021-07-05,245056,652597.33
2021-07-06,236931,706209.65
2021-07-07,170591,512798.77999999997
2021-07-08,287351,811691.74
2021-07-09,381807,1247626.36
2021-07-10,27610,103297.87000000001
2021-07-11,11464,38296.18
2021-07-12,243916,571745.52
2021-07-13,247465,624147.1699999999
2021-07-14,180626,457766.28
2021-07-15,178780,499320.97000000003
2021-07-16,307946,668844.06
2021-07-17,58602,147969.21999999997
2021-07-18,10410,29389.96
2021-07-19,180201,378214.01999999996
2021-07-20,293135,702361.74
2021-07-21,37284,118283.34
2021-07-22,156633,462355.06
2021-07-23,190150,461054.87
2021-07-24,33813,124888.98
2021-07-25,15625,47606.240000000005
2021-07-26,207674,594015.75
2021-07-27,182325,487320.26
2021-07-28,169137,505675.0
2021-07-29,227051,685567.29
2021-07-30,232338,538111.89
2021-07-31,51765,141968.33000000002
2021-08-01,14586,37396.27
2021-08-02,233696,494588.04000000004
2021-08-03,223046,528779.26
2021-08-04,68774,188821.63
2021-08-05,360737,905150.38
2021-08-06,238187,499060.81
2021-08-07,25680,88701.55
2021-08-08,12613,36102.25
2021-08-09,236364,532105.1100000001
2021-08-10,224220,513716.62
2021-08-11,191889,436396.26
2021-08-12,239338,596672.51
2021-08-13,271286,587666.19
2021-08-14,36170,133118.61000000002
2021-08-15,13361,35397.950000000004
2021-08-16,253378,532190.13
2021-08-17,220755,540527.9400000001
2021-08-18,166616,399989.89999999997
2021-08-19,267828,636516.27
2021-08-20,258382,538189.21
2021-08-21,51888,163194.30000000002
2021-08-22,12610,38607.079999999994
2021-08-23,195420,472268.01
2021-08-24,268628,731408.38
2021-08-25,205906,503924.23
2021-08-26,365725,940792.2599999999
2021-08-27,248151,513810.21
2021-08-28,51325,162875.13
2021-08-29,16318,44819.1
2021-08-30,248509,571710.4199999999
2021-08-31,462785,1106019.38
2021-09-01,189131,433451.54
2021-09-02,269302,653177.59
2021-09-03,292458,615777.16
2021-09-04,76534,210139.99
2021-09-05,25845,63765.76
2021-09-06,259222,580310.07
2021-09-07,334235,789183.7899999999
2021-09-08,230941,504735.98
2021-09-09,243228,564520.68
2021-09-10,438217,787785.5499999999
2021-09-11,66384,203106.34000000003
2021-09-12,24214,73102.43999999999
2021-09-13,263377,516880.51
2021-09-14,364212,768924.82
2021-09-15,225093,428393.63
2021-09-16,265930,603217.5
2021-09-17,339289,576982.78
2021-09-18,72090,220960.04
2021-09-19,26259,52864.310000000005
2021-09-20,297719,576473.35
2021-09-21,353563,801289.9500000001
2021-09-22,296313,579588.0
2021-09-23,336336,774371.3200000001
2021-09-24,376872,637698.64
2021-09-25,77238,222247.54
2021-09-26,25766,58083.25
2021-09-27,348505,633005.66
2021-09-28,373408,780049.64
2021-09-29,260199,478504.62000000005
2021-09-30,391012,759050.85
2021-10-01,579652,772471.2899999999
2021-10-02,85566,226777.98
2021-10-03,29976,78615.09
2021-10-04,354432,564954.5499999999
2021-10-05,565634,890933.2999999999
2021-10-06,354463,517302.83999999997
2021-10-07,381505,767798.63
2021-10-08,423438,652250.03
2021-10-09,109093,258256.99
2021-10-10,35054,69086.95999999999
2021-10-11,360806,621716.49
2021-10-12,486498,879063.2300000001
2021-10-13,319366,486636.23000000004
2021-10-14,384383,696334.1299999999
2021-10-15,532145,617735.02
2021-10-16,118724,254525.06
2021-10-17,36650,78626.22
2021-10-18,252837,409411.91
2021-10-19,770357,1127230.99
2021-10-20,480671,625927.05
2021-10-21,501626,859600.85
2021-10-22,486364,829275.41
2021-10-23,242091,452210.09
2021-10-24,40723,84681.95
2021-10-25,505029,760470.56
2021-10-26,455261,782812.61
2021-10-27,323754,503509.04
2021-10-28,372969,506172.26
2021-10-29,535647,611406.48
2021-10-30,115852,255554.16
2021-10-31,43433,77934.39
2021-11-01,109182,205629.4
2021-11-02,575827,933446.96
2021-11-03,383915,539448.58
2021-11-04,453361,764260.4999999999
2021-11-05,533171,737700.84
2021-11-06,160390,315886.35
2021-11-07,39753,78033.89
2021-11-08,486659,674539.94
2021-11-09,649099,942086.1900000001
2021-11-10,441781,665824.81
2021-11-11,177622,360318.88
2021-11-12,391825,538788.89
2021-11-13,130277,221578.72999999998
2021-11-14,57907,98276.05
2021-11-15,514558,842151.88
2021-11-16,585910,956319.7899999999
2021-11-17,356096,657845.0599999999
2021-11-18,433844,810305.74
2021-11-19,571276,908762.73
2021-11-20,133990,248087.68
2021-11-21,36416,68234.72
2021-11-22,652744,1001890.53
2021-11-23,625174,956120.3
2021-11-24,370414,533603.5700000001
2021-11-25,412059,681302.37
2021-11-26,530342,704562.61
2021-11-27,82258,157505.02000000002
2021-11-28,100236,155836.76
2021-11-29,462077,722831.41
2021-11-30,615000,898470.5400000002
2021-12-01,336215,494982.47000000003
2021-12-02,459174,751858.07
2021-12-03,418369,660762.05
2021-12-04,66736,100642.43999999999
2021-12-05,153345,241001.61000000002
2021-12-06,407207,591178.4700000001
2021-12-07,670427,973447.3399999999
2021-12-08,422513,566052.95
2021-12-09,375345,590229.47
2021-12-10,446785,941076.82
2021-12-11,51930,60261.020000000004
2021-12-12,160562,189899.4
2021-12-13,478793,747316.5000000001
2021-12-14,588579,779014.65
2021-12-15,348733,583700.68
2021-12-16,371707,622201.2
2021-12-17,393424,816590.67
2021-12-18,55124,55184.39
2021-12-19,150430,177998.26
2021-12-20,495796,764518.2899999999
2021-12-21,612286,811698.36
2021-12-22,343729,501871.62000000005
2021-12-23,407118,660969.09
2021-12-24,464233,676225.63
2021-12-25,5940,10724.77
2021-12-26,46730,58720.079999999994
2021-12-27,405220,691770.2999999999
2021-12-28,706709,921605.0
2021-12-29,396359,517024.33999999997
2021-12-30,417033,573142.55
2021-12-31,367021,535815.91
2022-01-01,2009,3663.6
2022-01-02,23552,24240.809999999998
2022-01-03,303362,493077.4
2022-01-04,511338,740402.24
2022-01-05,233923,371622.0
2022-01-06,282673,520110.28
2022-01-07,203593,529474.06
2022-01-08,100741,93076.63999999998
2022-01-09,37680,37204.06
2022-01-10,337201,569640.78
2022-01-11,449955,566213.25
2022-01-12,287534,385639.51
2022-01-13,333887,480150.04000000004
2022-01-14,379555,705223.4
2022-01-15,133017,121886.73999999999
2022-01-16,47701,49264.39000000001
2022-01-17,484867,750247.36
2022-01-18,496469,676083.6599999999
2022-01-19,331919,661068.0
2022-01-20,385122,747302.18
2022-01-21,300173,918027.72
2022-01-22,163636,164684.37
2022-01-23,36931,39827.450000000004
2022-01-24,323597,762212.79
2022-01-25,400905,719587.73
2022-01-26,186229,391916.48
2022-01-27,378587,702395.88
2022-01-28,293211,731784.74
2022-01-29,168482,182098.1
2022-01-30,34809,53139.07
2022-01-31,361724,814385.8099999999
2022-02-01,453873,819959.5
2022-02-02,257444,519383.91000000003
2022-02-03,353675,691413.71
2022-02-04,287523,647778.73
2022-02-05,144979,169038.59
2022-02-06,39982,54050.32
2022-02-07,382889,630858.49
2022-02-08,493500,783087.16
2022-02-09,249724,389832.32
2022-02-10,366728,642390.88
2022-02-11,379831,889153.11
2022-02-12,156260,174001.92
2022-02-13,42470,44768.899999999994
2022-02-14,423176,1555063.23
2022-02-15,427200,787410.41
2022-02-16,273202,692411.57
2022-02-17,356852,701554.93
2022-02-18,308883,750520.48
2022-02-19,146696,162202.58
2022-02-20,42921,59972.530000000006
2022-02-21,409596,747914.17
2022-02-22,448151,692889.67
2022-02-23,297222,569306.29
2022-02-24,388871,687805.0
2022-02-25,307233,605800.59
2022-02-26,144025,176617.26
2022-02-27,61606,94247.49
2022-02-28,388403,689437.52
2022-03-01,434305,673497.66
2022-03-02,274226,545855.45
2022-03-03,350475,597965.17
2022-03-04,302759,759977.4400000001
2022-03-05,129858,158727.93
2022-03-06,57900,79822.61
2022-03-07,376602,781504.27
2022-03-08,443870,884444.62
2022-03-09,369152,1007070.75
2022-03-10,364443,714101.3099999999
2022-03-11,337747,901718.5399999999
2022-03-12,150908,176743.80000000002
2022-03-13,32945,44624.57
2022-03-14,387499,762851.2
2022-03-15,499583,890146.4299999999
2022-03-16,227900,433285.43
2022-03-17,439078,776001.61
2022-03-18,302607,704086.32
2022-03-19,129617,160962.23
2022-03-20,34709,49661.61
2022-03-21,441059,946591.45
2022-03-22,431064,677780.8300000001
2022-03-23,259449,647242.74
2022-03-24,177250,388243.62
2022-03-25,325827,687440.2100000001
2022-03-26,6294,5528.4400000000005
2022-03-27,2287,2186.2200000000003
2022-03-28,29676,48195.87
2022-03-29,111270,99592.61
2022-03-30,97672,170173.34
2022-03-31,230029,373196.63
2022-04-01,47482,68370.27
2022-04-02,59315,89074.36
2022-04-03,22459,36303.659999999996
2022-04-04,315424,638008.46
2022-04-05,505181,1065589.27
2022-04-06,235977,551399.81
2022-04-07,284965,612177.0399999999
2022-04-08,484390,1260101.71
2022-04-09,78947,133262.78
2022-04-10,12473,20430.59
2022-04-11,390945,894864.6799999999
2022-04-12,395659,787679.23
2022-04-13,268232,611929.37
2022-04-14,201580,464556.68
2022-04-15,379107,971805.61
2022-04-16,54327,95800.40000000001
2022-04-17,8430,17651.97
2022-04-18,58591,106815.53000000001
2022-04-19,332926,727500.2399999999
2022-04-20,208862,580082.72
2022-04-21,222825,565895.76
2022-04-22,365611,1105807.94
2022-04-23,50730,101072.42
2022-04-24,13639,27811.539999999997
2022-04-25,304394,780610.14
2022-04-26,361778,880064.15
2022-04-27,197687,553360.46
2022-04-28,276588,739656.5900000001
2022-04-29,206188,733720.53
2022-04-30,100205,246319.36000000002
2022-05-01,13007,27147.969999999998
2022-05-02,265616,873650.56
2022-05-03,333698,852401.06
2022-05-04,175385,557072.1699999999
2022-05-05,284007,751615.15
2022-05-06,272493,775282.14
2022-05-07,68446,123872.91
2022-05-08,23218,46108.020000000004
2022-05-09,295193,847707.22
2022-05-10,324241,759528.4
2022-05-11,225061,1083327.75
2022-05-12,327494,848077.8099999999
2022-05-13,269642,827974.37
2022-05-14,84474,155573.88
2022-05-15,14905,23268.85
2022-05-16,255274,664964.48
2022-05-17,399905,874444.16
2022-05-18,191004,546996.53
2022-05-19,268424,670362.45
2022-05-20,311283,913119.4
2022-05-21,72148,121784.2
2022-05-22,15861,28083.09
2022-05-23,276652,781380.32
2022-05-24,197756,564003.27
2022-05-25,260804,795270.08
2022-05-26,93233,217761.8
2022-05-27,137627,406109.91000000003
2022-05-28,64672,122406.58
2022-05-29,15920,29770.68
2022-05-30,296509,714609.67
2022-05-31,311203,751185.1
2022-06-01,244481,635183.3200000001
2022-06-02,125934,322206.59
2022-06-03,392773,1109685.91
2022-06-04,54163,152310.02
2022-06-05,8778,22420.440000000002
2022-06-06,61756,183369.21
2022-06-07,265670,631484.0700000001
2022-06-08,199967,576832.5
2022-06-09,263957,726613.49
2022-06-10,357818,1114246.18
2022-06-11,62259,161522.68
2022-06-12,13689,27864.37
2022-06-13,204685,722215.23
2022-06-14,286088,900357.14
2022-06-15,182604,652039.34
2022-06-16,198519,644292.15
2022-06-17,226168,803400.34
2022-06-18,59448,142167.97999999998
2022-06-19,12176,23817.02
2022-06-20,233416,824636.78
2022-06-21,194459,616069.3300000001
2022-06-22,134616,511666.36
2022-06-23,206664,661347.38
2022-06-24,232719,789375.3
2022-06-25,46323,79316.63
2022-06-26,13945,22229.04
2022-06-27,231752,684443.48
2022-06-28,241343,593958.37
2022-06-29,149347,460846.49
2022-06-30,206581,552636.61
2022-07-01,280006,852815.94
2022-07-02,65768,152963.68
2022-07-03,19966,27930.32
2022-07-04,204374,548747.32
2022-07-05,225821,542668.18
2022-07-06,148311,459906.26999999996
2022-07-07,159971,437451.82
2022-07-08,251869,795396.82
2022-07-09,38358,70718.68
2022-07-10,7853,16089.879999999997
2022-07-11,199835,567397.27
2022-07-12,258979,615408.94
2022-07-13,171133,548483.76
2022-07-14,190641,569570.05
2022-07-15,293100,1015612.6
2022-07-16,35864,65371.119999999995
2022-07-17,11123,19284.1
2022-07-18,182567,702077.0800000001
2022-07-19,187369,630886.9
2022-07-20,162233,588974.21
2022-07-21,63377,190834.97
2022-07-22,99877,339380.24
2022-07-23,19071,28788.39
2022-07-24,5758,9023.53
2022-07-25,194794,565376.73
2022-07-26,191894,502500.14
2022-07-27,75725,196981.52000000002
2022-07-28,84085,216342.67
2022-07-29,272149,889105.11
2022-07-30,24160,66527.49
2022-07-31,5574,14199.800000000001
2022-08-01,679,2014.41
2022-08-02,32627,89050.3
2022-08-03,49129,113203.22
2022-08-04,5378,10159.26
2022-08-05,2337,3786.8900000000003
2022-08-06,693,2095.83
2022-08-07,8038,18583.670000000002
2022-08-08,28111,103571.77
2022-08-09,20626,65143.53
2022-08-10,33830,82902.2
2022-08-11,85362,216378.52000000002
2022-08-12,49641,278806.63
2022-08-13,14537,36824.52
2022-08-14,6788,15666.7
2022-08-15,84250,435840.12
2022-08-16,76090,181486.87
2022-08-17,1100324,2830893.2
2022-08-18,98908,158796.63
2022-08-19,159271,403782.59
2022-08-20,21992,45283.270000000004
2022-08-21,4381,13428.8
2022-08-22,172972,344126.04
2022-08-23,273599,708971.45
2022-08-24,205958,472704.06
2022-08-25,339865,818656.49
2022-08-26,553542,1439242.57
2022-08-27,61518,135369.98
2022-08-28,4652,11116.839999999998
2022-08-29,334597,754569.22
2022-08-30,433876,1020233.4600000001
2022-08-31,319042,858854.0599999999
2022-09-01,483671,1142631.39
2022-09-02,423725,969488.84
2022-09-03,46126,95391.18
2022-09-04,12771,26839.68
2022-09-05,513918,1142780.5
2022-09-06,331618,774906.6
2022-09-07,207918,497565.68
2022-09-08,309878,756333.03
2022-09-09,491815,1020712.12
2022-09-10,37699,72433.68000000001
2022-09-11,9198,28275.33
2022-09-12,282632,731517.43
2022-09-13,308583,672927.17
2022-09-14,292981,726124.9400000001
2022-09-15,281860,720577.63
2022-09-16,321671,851464.9400000001
2022-09-17,37553,65317.76
2022-09-18,10162,25653.45
2022-09-19,270329,538090.11
2022-09-20,269569,456340.67000000004
2022-09-21,247845,443524.68
2022-09-22,232200,433817.45
2022-09-23,390863,691622.72
2022-09-24,57473,91633.89
2022-09-25,8096,15722.26
2022-09-26,279155,479008.06999999995
2022-09-27,270517,431678.94
2022-09-28,240448,444168.89
2022-09-29,344337,573929.13
2022-09-30,445739,901861.7300000001
2022-10-01,42866,76182.91
2022-10-02,9284,17822.95
2022-10-03,357473,640726.84
2022-10-04,490194,979398.0199999999
2022-10-05,250141,471558.38
2022-10-06,460378,821996.54
2022-10-07,304048,462728.51
2022-10-08,44325,58535.26
2022-10-09,10848,16567.62
2022-10-10,442096,568607.73
2022-10-11,590579,659259.9
2022-10-12,728114,844916.19
2022-10-13,85339,121014.42000000001
2022-10-14,579439,706260.52
2022-10-15,45395,62657.57000000001
2022-10-16,7564,13395.98
2022-10-17,493111,634744.0
2022-10-18,539365,713513.74
2022-10-19,395523,517712.44
2022-10-20,483580,545627.31
2022-10-21,525638,578412.09
2022-10-22,52870,64938.78
2022-10-23,15946,20954.780000000002
2022-10-24,392260,429680.24
2022-10-25,470787,587768.4500000001
2022-10-26,287929,380474.7
2022-10-27,296789,421954.62999999995
2022-10-28,408796,600716.64
2022-10-29,30744,40661.77
2022-10-30,11144,13482.78
2022-10-31,378748,661989.58
2022-11-01,73277,82699.03
2022-11-02,306866,399707.15
2022-11-03,344041,460550.87000000005
2022-11-04,447296,752195.75
2022-11-05,34390,35910.25
2022-11-06,14193,16215.02
2022-11-07,436570,670698.39
2022-11-08,437255,644958.3099999999
2022-11-09,243044,418836.94
2022-11-10,391229,566050.83
2022-11-11,4372,3794.93
2022-11-12,79946,78822.15
2022-11-13,19039,19201.030000000002
2022-11-14,283281,443510.54
2022-11-15,427752,584246.9099999999
2022-11-16,355037,549527.94
2022-11-17,376211,545495.66
2022-11-18,487505,755533.3099999999
2022-11-19,76016,90106.04
2022-11-20,22617,27031.84
2022-11-21,510775,720929.47
2022-11-22,362793,471368.82
2022-11-23,288561,398998.43
2022-11-24,366169,485428.53
2022-11-25,433197,664489.19
2022-11-26,58167,60451.24
2022-11-27,51989,54395.69
2022-11-28,403674,516654.76
2022-11-29,395915,459683.77
2022-11-30,289536,371501.56
2022-12-01,316274,639650.42
2022-12-02,434203,613582.74
2022-12-03,67380,62013.17
2022-12-04,58887,53309.119999999995
2022-12-05,316321,375220.51
2022-12-06,372943,401991.87
2022-12-07,539935,670055.42
2022-12-08,372066,444898.87
2022-12-09,373279,528268.64
2022-12-10,44942,35826.94
2022-12-11,108664,93945.33
2022-12-12,337318,457344.65
2022-12-13,301605,370643.06
2022-12-14,252979,380825.71
2022-12-15,285632,466904.61
2022-12-16,322473,480976.95
2022-12-17,19062,23547.59
2022-12-18,52929,70300.01000000001
2022-12-19,187480,265425.56
2022-12-20,302711,394955.64
2022-12-21,265545,445128.32
2022-12-22,249348,381196.06
2022-12-23,334265,591945.33
2022-12-24,65602,96166.5
2022-12-26,279555,436840.85
2022-12-27,494282,762369.75
2022-12-28,272936,424698.57
2022-12-29,269546,408406.64999999997
2022-12-30,241651,351093.22
2022-12-31,66449,108992.86
2023-01-02,241023,351695.87
2023-01-03,238063,364071.39
2023-01-04,189044,320922.8
2023-01-05,191347,305300.07999999996
2023-01-06,243571,487026.09
2023-01-07,50515,78081.76
2023-01-08,13075,25311.09
2023-01-09,284771,501186.21
2023-01-10,195125,312326.92
2023-01-11,128173,251826.44999999998
2023-01-12,163080,307339.48
2023-01-13,145293,353500.37
2023-01-14,47037,71629.90999999999
2023-01-15,16619,31471.379999999997
2023-01-16,187199,352916.1
2023-01-17,209630,371582.65
2023-01-18,137836,302730.43
2023-01-19,198727,428520.94
2023-01-20,220709,666333.71
2023-01-21,44972,89059.49
2023-01-22,13143,31175.469999999998
2023-01-23,182929,542485.52
2023-01-24,178995,438409.42000000004
2023-01-25,118807,302716.02
2023-01-26,163431,395748.72000000003
2023-01-27,164226,407374.32
2023-01-28,37612,85645.45
2023-01-29,12174,31341.0
2023-01-30,152709,426303.92
2023-01-31,166086,389162.56
2023-02-01,100533,761016.0
2023-02-02,156758,391353.52
2023-02-03,136932,336912.22000000003
2023-02-04,19824,45295.1
2023-02-05,16276,35845.14
2023-02-06,187862,498207.07
2023-02-07,204937,466067.52
2023-02-08,99081,252457.68
2023-02-09,146155,367506.43
2023-02-10,227214,638250.78
2023-02-11,31715,88245.71
2023-02-12,7549,23676.29
2023-02-13,129370,347553.02999999997
2023-02-14,151733,398821.08999999997
2023-02-15,186433,540027.26
2023-02-16,184364,554749.39
2023-02-17,306307,1031131.35
2023-02-18,45521,141960.05
2023-02-19,11687,42709.53
2023-02-20,221768,632910.5499999999
2023-02-21,252108,756748.2899999999
2023-02-22,218690,739145.28
2023-02-23,150639,529647.9
2023-02-24,220183,567158.18
2023-02-25,67175,173344.13999999998
2023-02-26,19426,47319.99
2023-02-27,185932,537759.81
2023-02-28,217378,520371.42
2023-03-01,123972,576873.04
2023-03-02,217439,592645.35
2023-03-03,169055,503944.11
2023-03-04,51768,152206.33000000002
2023-03-05,9576,26654.73
2023-03-06,181669,601666.4299999999
2023-03-07,155777,568024.34
2023-03-08,164812,463863.61
2023-03-09,144633,405612.99
2023-03-10,253661,673940.45
2023-03-11,29251,59552.1
2023-03-12,7003,28688.140000000003
2023-03-13,201157,514933.95
2023-03-14,263479,628741.73
2023-03-15,174182,435332.62
2023-03-16,209143,528375.62
2023-03-17,379666,865386.6
2023-03-18,52097,136414.40000000002
2023-03-19,20460,60450.530000000006
2023-03-20,259370,651792.79
2023-03-21,263615,607928.73
2023-03-22,173523,487335.67000000004
2023-03-23,181946,748196.53
2023-03-24,202329,550970.13
2023-03-25,50079,154613.19
2023-03-26,12383,38212.94
2023-03-27,160316,579737.5299999999
2023-03-28,229760,659365.12
2023-03-29,154254,481364.55
2023-03-30,261292,675693.6900000001
2023-03-31,282781,823790.26
2023-04-01,62108,163361.13
2023-04-02,30251,70416.53
2023-04-03,316595,816530.51
2023-04-04,308154,781150.2
2023-04-05,237771,887087.24
2023-04-06,144954,444174.75
2023-04-07,233958,699726.03
2023-04-08,105679,305222.07999999996
2023-04-09,16921,41614.48
2023-04-10,43943,154619.06
2023-04-11,290280,824223.63
2023-04-12,184210,518123.44
2023-04-13,240947,700914.15
2023-04-14,205233,538669.8300000001
2023-04-15,31359,78224.56999999999
2023-04-16,14859,45093.53
2023-04-17,240925,688952.69
2023-04-18,309955,795968.7300000001
2023-04-19,152093,404968.39
2023-04-20,223473,632054.38
2023-04-21,320449,812708.14
2023-04-22,65414,158849.71
2023-04-23,18348,53213.399999999994
2023-04-24,206734,896308.65
2023-04-25,281008,768510.22
2023-04-26,304535,1115812.68
2023-04-27,145789,428674.6
2023-04-28,224194,655691.98
2023-04-29,79975,227612.9
2023-04-30,28572,80200.38
2023-05-01,25188,102901.20999999999
2023-05-02,287866,1093670.27
2023-05-03,198497,551311.83
2023-05-04,300777,1413187.41
2023-05-05,245941,644536.1900000001
2023-05-06,44851,120536.19000000002
2023-05-07,29763,71277.37
2023-05-08,224036,643703.8
2023-05-09,310440,794818.8
2023-05-10,183204,514165.09
2023-05-11,246315,680398.52
2023-05-12,278267,825915.1
2023-05-13,62654,144198.58000000002
2023-05-14,23408,65229.97
2023-05-15,250134,667469.36
2023-05-16,152774,369780.42
2023-05-17,224787,638061.15
2023-05-18,50145,146393.66
2023-05-19,124041,362082.03
2023-05-20,63150,139281.6
2023-05-21,16689,48399.35
2023-05-22,219765,535471.5700000001
2023-05-23,238003,553582.6
2023-05-24,110017,358199.27
2023-05-25,105001,267556.72
2023-05-26,164321,454181.22000000003
2023-05-27,60871,147686.25
2023-05-28,10791,27873.749999999996
2023-05-29,38493,120171.48
2023-05-30,408894,1188380.7799999998
2023-05-31,133252,430478.56
2023-06-01,184825,601766.7000000001
2023-06-02,181751,591619.2
2023-06-03,49642,127579.09000000001
2023-06-04,21884,52795.82
2023-06-05,210989,701272.2000000001
2023-06-06,261413,669600.0
2023-06-07,205327,793147.8300000001
2023-06-08,204610,585810.09
2023-06-09,235381,666711.31
2023-06-10,60771,155462.56
2023-06-11,18734,58711.21000000001
2023-06-12,171357,568252.53
2023-06-13,228475,578566.73
2023-06-14,133544,430571.93000000005
2023-06-15,165284,475484.3
2023-06-16,196767,672241.24
2023-06-17,61704,153856.78
2023-06-18,22084,58041.19
2023-06-19,152222,516546.85
2023-06-20,275448,714836.61
2023-06-21,159848,463258.78
2023-06-22,193566,587932.52
2023-06-23,202992,552740.31
2023-06-24,56414,148042.03
2023-06-25,21170,56648.22
2023-06-26,190242,591852.54
2023-06-27,223887,628469.36
2023-06-28,144822,415285.95
2023-06-29,187746,471217.36
2023-06-30,180344,489115.48000000004
2023-07-01,45034,119138.21
2023-07-02,30984,77790.45999999999
2023-07-03,150203,413950.98000000004
2023-07-04,227148,577178.3500000001
2023-07-05,150107,437658.27
2023-07-06,182411,488602.88999999996
2023-07-07,152437,405039.64
2023-07-08,54513,142769.73
2023-07-09,18986,54879.560000000005
2023-07-10,214362,607523.8200000001
2023-07-11,252205,693561.7499999999
2023-07-12,172829,526252.0
2023-07-13,270878,804563.38
2023-07-14,134635,386317.33
2023-07-15,57952,175051.05
2023-07-16,22873,74988.73999999999
2023-07-17,140863,462342.79
2023-07-18,217137,618758.53
2023-07-19,158388,461695.76999999996
2023-07-20,337513,865064.34
2023-07-21,6544,18682.59
2023-07-22,53029,157383.45
2023-07-23,29019,72074.11
2023-07-24,189291,543807.71
2023-07-25,271614,719090.5599999999
2023-07-26,168499,472510.27
2023-07-27,194945,532123.17
2023-07-28,202302,491544.67
2023-07-29,48868,159490.52
2023-07-30,19377,70749.88
2023-07-31,261977,677528.85
2023-08-01,223247,552006.67
2023-08-02,222613,577738.83
2023-08-03,182838,493775.30999999994
2023-08-04,217193,518423.3
2023-08-05,53152,117657.91
2023-08-06,27912,63211.64
2023-08-07,217229,535961.1900000001
2023-08-08,252189,583393.7100000001
2023-08-09,138405,337770.52999999997
2023-08-10,195992,450516.03
2023-08-11,305577,592750.09
2023-08-12,19870,48278.479999999996
2023-08-13,7564,19851.29
2023-08-14,113819,287920.95
2023-08-15,79459,193099.17
2023-08-16,219224,489619.82
2023-08-17,211459,422365.8
2023-08-18,201641,423618.02
2023-08-19,62963,120827.63
2023-08-20,20160,47571.64
2023-08-21,188474,424051.08999999997
2023-08-22,265585,596518.5
2023-08-23,154738,326497.63
2023-08-24,202201,463948.51999999996
2023-08-25,232677,451651.51
2023-08-26,52632,113124.98999999999
2023-08-27,30120,57844.01
2023-08-28,159772,390584.7
2023-08-29,272449,572849.5399999999
2023-08-30,203389,490661.04
2023-08-31,134237,266460.82
2023-09-01,233834,552158.14
2023-09-02,52483,129742.62
2023-09-03,47408,89004.91
2023-09-04,259906,601176.12
2023-09-05,217315,452822.33
2023-09-06,180593,438180.19
2023-09-07,49774,129644.38
