DATE,USERCOUNT,SECONDSSPENT,QUANTITY,VOLUME,WEIGHT,PRICE
2018-10-01,180,6412613,3091846,9621.2489701605,1205414.58,5691847.01
2018-10-02,174,5620753,3433665,9670.1804286845,1205611.9266000001,6998426.41
2018-10-03,165,6006238,2740547,7866.033018296,998707.3688,5297830.8
2018-10-04,163,5452500,3255227,9005.32801681649,1136063.6206,5375174.07
2018-10-05,158,5042110,3523225,9129.5561600505,1159170.4273,5036970.91
2018-10-06,29,605159,857565,2012.2140759415,233227.9702,1056970.57
2018-10-07,14,81892,98116,261.2346991305,34461.9412,222946.76
2018-10-08,168,5418344,3047398,8664.8818285615,1111475.3961,5826054.649999999
2018-10-09,170,5389679,3690524,10221.0388975105,1201884.9051,7097131.760000001
2018-10-10,168,5597861,3111090,9575.580576403,1084195.9909,6851863.3
2018-10-11,174,5660859,2908281,9104.5418896425,1070737.5018,5747971.62
2018-10-12,163,5100323,2676507,10456.645019844,1143464.4722,5730508.140000001
2018-10-13,36,698997,463894,1333.9247100325,160332.733,818020.46
2018-10-14,17,84179,47326,130.50803996550002,16838.898999999998,141857.36
2018-10-15,194,5795386,2488255,9120.4928669055,1089699.6543,5812417.76
2018-10-16,191,5041165,2350579,8845.2289207225,1073380.546,4490398.75
2018-10-17,191,6941758,2259390,10181.639757357994,1158478.2546,6145140.29
2018-10-18,187,5633411,2540170,9904.163142501995,1137515.7182,5874714.13
2018-10-19,163,4678722,3120927,10444.119372993,1234829.6327333334,5234232.45
2018-10-20,43,869099,585484,1670.3673070925,206323.2823,965819.65
2018-10-21,18,109687,86177,208.692369534,27206.129200000003,214822.74
2018-10-22,189,5537310,2886128,9765.755622016495,1222279.3833,5550947.64
2018-10-23,205,5837619,2747414,9699.930040236495,1203504.2543000001,5491322.58
2018-10-24,193,6110988,2716586,10698.0259595555,1278640.5202666668,5192443.85
2018-10-25,200,6448846,2926870,12799.649226661,1544585.0707,5688678.43
2018-10-26,189,5565994,2881254,12831.838480229,1530250.2541,5871348.43
2018-10-27,41,841502,459448,1557.431271595,215220.1153,911281.88
2018-10-28,14,97157,29970,97.3137002135,14420.5416,81758.01
2018-10-29,210,6106946,2815668,11944.144532807502,1454144.1247,6906896.54
2018-10-30,196,5387272,2230285,8650.1470982335,1127256.1832666667,5806549.359999999
2018-10-31,17,51036,34590,121.8197750425,15764.5829,113263.4
2018-11-01,16,158737,37512,123.733675342,17726.129,146478.89
2018-11-02,137,3602149,2183737,7171.825474135492,1002707.5865,4353760.82
2018-11-03,1,50113,39078,136.995231614,19635.0172,49257.52
2018-11-04,19,125880,57823,191.300508948,28430.610500000003,188532.25
2018-11-05,155,4128193,2106158,7198.156088363497,1022982.4253,4337503.59
2018-11-06,143,3720784,1935125,6879.392469202504,948445.5924666667,3726218.53
2018-11-07,151,4121444,2025605,7109.0027644560005,973117.0518666666,3844036.18
2018-11-08,135,4051764,1969571,7280.1861662215015,951779.6757666667,3898663.75
2018-11-09,131,3846486,2250828,8130.685634801,1065391.1332,4479235.149999999
2018-11-10,1,96128,0,0.0,0.0,0.0
2018-11-11,14,100030,48405,126.419854209,18555.983,108317.11
2018-11-12,140,4392944,2318412,7659.5631789435,1036519.8197,4736150.609999999
2018-11-13,144,4608347,2469280,7924.7994838085,1103494.9146,5069861.29
2018-11-14,147,4289028,2241531,7510.2335251745,1018055.5954,4541697.92
2018-11-15,147,4423794,2471377,6899.508803407,971865.5136,4249904.819999999
2018-11-16,111,3344248,2320085,6105.999452999004,848832.2287999999,3469138.81
2018-11-17,1,46488,114646,279.220502043,40063.4556,102153.48
2018-11-18,10,40305,39039,80.25676635900001,12415.509999999998,56793.86
2018-11-19,126,4086668,2307011,6174.824789643502,869514.3894,3632662.3899999997
2018-11-20,133,3884672,2208667,6899.2706882229995,916777.3003,3793991.83
2018-11-21,123,3856849,1858726,5862.6389518535025,810517.765,3684051.05
2018-11-22,124,3408111,1977698,6499.099081902002,922136.3582,7264775.2299999995
2018-11-23,91,2652244,1556590,5196.835092262001,748700.6806000001,2446630.2800000003
2018-11-24,1,32807,31966,120.800507062,16869.886,32495.98
2018-11-26,116,3323001,1895694,6221.900166823997,875058.2819000001,3076026.81
2018-11-27,123,3824535,2110311,7053.989706511998,936835.8723,3335778.2199999997
2018-11-28,134,4426392,2049356,7247.869865426003,935936.7579999999,3696186.17
2018-11-29,135,4394361,2324273,8589.553026665008,1099159.058,4241332.76
2018-12-01,1,94772,0,0.0,0.0,0.0
2018-12-03,131,3888703,2048565,6605.395604108998,906474.5411,3512040.5500000003
2018-12-04,137,4276287,2613793,8233.708574934,1141808.5666,3896903.68
2018-12-05,142,4580789,2500775,7907.599032354,1109972.2145666666,4103920.16
2018-12-06,139,4354802,2611556,7592.160017415,1094644.4919,3743605.73
2018-12-07,114,3230400,2421004,6833.699390205,973700.0509,3118637.27
2018-12-08,1,71055,31372,80.47988126,11683.254,22524.4
2018-12-10,133,4170388,2244015,6764.61436609,944520.6621,3782271.5100000002
2018-12-11,136,4314197,3049528,9330.350328006001,1306946.1914000001,4661840.11
2018-12-12,130,4142320,2193160,7166.856167685991,1010391.3539999999,4101125.41
2018-12-13,131,3967124,2125795,6977.118234299995,1012754.2245,3809857.63
2018-12-14,91,2969348,2202794,7319.421195463,1034422.74,3214008.82
2018-12-15,29,606498,239902,854.398561406,108300.073,522976.52
2018-12-17,140,4355059,2198931,7421.666346311,1044165.7462,3674990.46
2018-12-18,141,4219345,2310285,8324.392723506,1162104.4185,3831685.59
2018-12-19,126,4107346,1954999,7061.0929474760005,989606.1772,3660851.35
2018-12-20,127,3940855,2174292,6969.567730756,982229.8637,3796755.56
2018-12-21,110,3268402,2247656,7473.098117619,1004720.4524000001,3519201.93
2018-12-22,1,31273,0,0.0,0.0,0.0
2018-12-24,113,2859478,1648636,5411.554920448,729556.3217,2734816.17
2018-12-25,1,31261,0,0.0,0.0,0.0
2018-12-26,114,3581533,2016955,6899.519062954,928568.8463,3631215.81
2018-12-27,112,3703223,1908467,6746.387488929,928771.9861,4060443.83
2018-12-28,95,3128933,1892165,6771.301668849999,964129.928,3519160.11
2018-12-29,1,58768,163896,574.18197628,75557.597,189395.64
2019-01-02,111,3175312,1557950,6346.916133098,898694.514,3230921.9499999997
2019-01-03,127,3751016,1645490,6562.451013383,888507.7048,3415707.43
2019-01-04,97,2445777,1840014,6957.804406638,957316.5534,3008276.52
2019-01-05,1,8497,1873,2.6771535,447.216,1957.89
2019-01-07,112,3136136,1256251,5135.884263545,688083.6257,2788531.65
2019-01-08,114,3395185,1542733,7236.687832716,811526.4384,3962992.54
2019-01-09,101,3043913,1400565,6320.618719683,658415.6964,3362599.4
2019-01-10,111,3152140,1607993,7593.90793393,802287.4689,3841199.33
2019-01-11,98,2812955,1459852,6757.367937114001,709152.6449,3682399.57
2019-01-12,1,77358,88098,428.877598584,43391.578,138213.28
2019-01-14,117,3579801,1557798,7376.198797165,792278.2935,4302083.5200000005
2019-01-15,112,3196415,1534623,7422.9290614209995,817457.3381,3557497.71
2019-01-16,98,3177026,1220662,5507.8296281465,641706.3281,3039322.5900000003
2019-01-17,98,2751364,1323250,5948.865762429,672389.387,2886673.72
2019-01-18,75,1960379,949700,4296.7004229594995,470478.3609,2192511.9
2019-01-19,1,89701,51016,227.186377964,24666.218,71173.3
2019-01-21,84,2886987,1160459,5147.419022797,550350.5021,2696187.52
2019-01-22,95,2601634,1172293,4722.070733373,565315.1732000001,2546825.84
2019-01-23,90,2232542,1003796,4487.654724566,499835.1793,2293338.16
2019-01-24,85,2588024,1006487,5066.2677266005,578160.7672,2582463.08
2019-01-25,64,1679988,819689,4527.212849898499,504086.1964,2005195.06
2019-01-26,1,37796,0,0.0,0.0,0.0
2019-01-28,80,1379542,541450,4209.774665762,482627.7905,1752672.24
2019-01-29,98,2678760,887050,5890.8667063735,675583.3647,2580447.67
2019-01-30,97,3137196,1101487,6392.371725769,734017.5824,3209483.9
2019-01-31,95,3072709,1189898,7053.2668115814995,740733.469,3439655.84
2019-02-01,87,2789632,1355579,6437.5445703845,708391.5873,3332246.19
2019-02-02,1,120911,12234,64.416153852,7302.263,21206.76
2019-02-04,93,3047324,1296093,5538.063392589,626727.8788,3175877.83
2019-02-05,100,3322986,1532385,6744.8691669975,754489.1499,4051199.62
2019-02-06,104,3930402,1402470,6470.414548852,742900.8382,4372596.45
2019-02-07,101,3665607,1411320,6358.849688419,732272.3195,4183695.42
2019-02-08,107,3897645,1717074,7578.876532651,895873.7653999999,5183532.42
2019-02-09,30,730827,304830,1313.01125481,170245.5224,964195.03
2019-02-11,115,3974609,1581070,6790.8531286444995,844056.0274,43558833.730000004
2019-02-12,125,4346180,1810850,7412.599167791,947533.0114,5070791.79
2019-02-13,67,1854085,824744,3869.4092250895,483312.0068,2684689.96
2019-02-14,108,3819230,1409600,6392.853529805499,804690.8875,4213857.5
2019-02-15,91,3089661,1453640,7184.7656246155,846285.7986999999,4208690.24
2019-02-16,1,96047,17652,72.846443106,9776.577,28327.72
2019-02-18,107,4275068,1594891,6750.339483434,779612.6592999999,3545207.31
2019-02-19,119,3881275,1902067,7955.998429388,900794.3857,3986590.58
2019-02-20,105,4137072,1744531,6790.184223407,787209.8628,3687597.2800000003
2019-02-21,106,3874511,1630957,6410.564122223001,732635.9466,3371215.07
2019-02-22,94,2234857,1545468,6120.504546170499,715836.3705,2993157.41
2019-02-23,1,122381,29908,107.52589661,12625.722000000002,41643.14
2019-02-25,104,4232026,1556492,7536.276162358,861923.2407999999,4115704.6
2019-02-26,110,3696591,1168240,7848.944263751,913595.8992,4770623.45
2019-02-27,109,3664182,1106188,8356.476371745002,937851.929,4620763.88
2019-03-01,102,3434355,1405867,8875.66966684,1058027.4543,4784886.28
2019-03-02,1,69026,77354,429.033187511,52112.811,151707.08
2019-03-04,126,4136166,1582755,7677.381121851,940817.7452,4450148.05
2019-03-05,119,4147296,1890458,7642.474714802,1015830.5883999999,4592529.6899999995
2019-03-06,107,3715882,1431951,6868.977327733,832194.7089999999,4391217.5
2019-03-07,122,4689546,1715440,9124.864197684501,1077105.9357,5705658.48
2019-03-08,106,3257383,1508522,7622.525539663,952719.6211,4890632.59
2019-03-09,1,40446,33130,183.298180139,22966.579,66224.66
2019-03-11,118,4078348,1644919,8201.679488343,1033914.1371,5267721.01
2019-03-12,129,3949926,1814061,10028.7399056325,1162604.4759,5644239.19
2019-03-13,121,4083922,1359259,8651.0376651385,906509.591,5495161.2299999995
2019-03-14,136,3902110,1731370,10034.3960503055,1029202.2765,5921921.5200000005
2019-03-15,119,3725230,1547924,10391.7237563705,959673.4599,5656118.51
2019-03-16,1,113817,65138,490.159930162,46950.356,156676.12
2019-03-18,138,4162885,1596271,8792.2714419685,922062.461,5228209.11
2019-03-19,135,4123850,1878469,9451.1826893715,1076735.5418,5589777.94
2019-03-20,126,3819012,1753171,7800.109041700498,889977.627,4608282.97
2019-03-21,133,4171804,1829211,8021.833666771999,861277.929,4642498.33
2019-03-22,118,3592731,2068214,8413.407087974998,898826.2011,4397772.41
2019-03-25,134,4232794,1859650,8955.145266145997,866681.3635,5062630.54
2019-03-26,126,3612904,1701775,9376.9017714285,869366.3372,4897689.43
2019-03-27,119,3681709,1467648,8294.3369738315,859188.8139000001,5793743.15
2019-03-28,126,3889728,1538186,9328.3830464895,929331.0452,8195670.36
2019-03-29,115,3270443,1468478,8386.384481528501,903736.3481,6773614.07
2019-03-30,1,57775,34964,191.775003312,24103.8058,60431.52
2019-04-01,121,3310831,1368466,7908.312280572501,906769.2882,7574225.6
2019-04-02,120,3418302,1335259,8256.505813595,974641.3374999999,8421805.82
2019-04-03,116,3241668,1265417,7390.519165285996,880554.1169,6937106.04
2019-04-04,111,3514317,1460731,8571.122356592998,994425.0683736434,72772868.05999999
2019-04-05,105,3195578,1485738,7692.2448942675,892189.6121534883,5122762.29
2019-04-06,1,75292,22372,99.326843276,12578.7816,33171.22
2019-04-08,130,3432536,1304636,8585.1042872935,911408.1846534885,317811566.5
2019-04-09,127,3350719,1325643,8494.64974028,911656.996331783,114172049.53999999
2019-04-10,142,4186608,1345939,8354.7974878355,916081.0804547803,26323152.05
2019-04-11,135,4277282,1451086,9087.4467661205,1000529.4023168819,77893079.21000001
2019-04-12,125,3724784,1384287,8484.773742739999,976419.474027218,185752434.03
2019-04-15,141,4561797,1386598,9731.1572202395,1070412.1373606368,34359748.56
2019-04-16,136,3892536,2018751,9020.946680461,1173514.613326338,6001481.609999999
2019-04-17,112,3145620,1277455,7084.9188985765,804509.2105950637,4733593.86
2019-04-18,110,3148065,1165593,6736.433465309,739840.4954991719,4699304.02
2019-04-19,87,1845976,1203975,7136.6142502265,775773.3196997314,3611203.25
2019-04-20,1,19554,32026,191.758682904,20353.28779997742,64828.02
2019-04-23,116,2771572,931635,6838.817514178,689561.7875999934,3881099.37
2019-04-24,123,3160477,1024086,8126.744236322,829702.156899996,4802684.02
2019-04-25,118,3899090,1177866,9353.4732613415,944088.8463999986,5101936.65
2019-04-26,100,3305119,1176754,8586.635484567,940994.0398,4681037.180000001
2019-04-27,1,41116,0,0.0,0.0,0.0
2019-04-29,108,3376081,1090715,8846.0809057435,899138.4959999999,5129029.27
2019-05-01,1,92164,0,0.0,0.0,0.0
2019-05-02,103,3471488,1011588,8490.17583476,877385.1895,5699415.529999999
2019-05-03,92,3001950,1097422,7860.1684972505,849954.3132,5114258.94
2019-05-04,1,42729,40070,345.528176533,35723.5636,129336.78
2019-05-06,116,3903520,1224156,8298.169460576999,964091.0652,5602472.48
2019-05-07,113,3639836,1342403,8528.489952532997,1020089.4236,5594373.5600000005
2019-05-08,119,4055211,1613004,7649.597289823498,944226.4691,4608140.94
2019-05-09,117,4233786,1671665,8116.7428208815,989874.6553000001,5555069.85
2019-05-10,119,4024552,2105547,10280.252595273996,1230254.1339,6594261.75
2019-05-11,2,5314,2597,9.70085673,1360.2628,9997.57
2019-05-13,109,4074049,1581765,8099.374874889495,947021.133,6076945.13
2019-05-14,126,4354007,1666635,8862.193722119498,1019191.0752,5946373.59
2019-05-15,120,3796043,1425468,8203.421699855991,934995.6257,5193167.12
2019-05-16,111,3762911,1440365,7403.905490149498,864412.4405,4636033.149999999
2019-05-17,107,3838445,1640634,8693.290319975,1007484.9084,5611305.27
2019-05-18,1,30921,0,0.0,0.0,0.0
2019-05-20,112,3785010,1465147,7228.907513217,871437.4482999999,5052563.1
2019-05-21,111,3670639,1348423,7624.746906348997,895554.11,4418216.32
2019-05-22,113,3341057,1063520,6599.800356995997,772167.0451,27711313.28
2019-05-23,102,3224088,1000643,6245.819991048,722769.5085,3856956.6
2019-05-24,86,2558794,1044829,6338.608672079999,759872.677,3766795.45
2019-05-25,1,98307,0,0.0,0.0,0.0
2019-05-27,117,3559494,1210962,7348.181305271,846094.707,5038472.75
2019-05-28,116,3934644,1407736,7280.923007128004,898435.8333,4942525.64
2019-05-29,95,3111424,1194702,6717.355208428,778976.2224,4401927.649999999
2019-05-31,88,3131434,1396854,6961.782792273002,830289.6896,4476900.93
2019-06-01,1,35877,0,0.0,0.0,0.0
2019-06-03,106,3399954,1298233,7194.4649664445005,857628.2468,4517939.71
2019-06-04,103,3334238,1242005,7013.877292814502,848327.348,4926839.85
2019-06-05,107,3503203,1242056,6466.820570916002,817135.3478,4576861.18
2019-06-06,117,3663825,1524837,7456.029813379503,954852.456,4786827.49
2019-06-07,93,2983389,1585170,7040.217823941,935941.2252,4102544.89
2019-06-08,1,80988,56214,223.24194596,31521.856,86213.84
2019-06-11,106,3711794,1239643,6329.940372653502,820090.0557,3826010.26
2019-06-12,101,2594896,1104588,4872.363523186,666214.7535,3390653.5
2019-06-13,108,3661162,1417068,6755.523332815,866247.4669,4619154.83
2019-06-14,106,3204960,1375877,6998.8763071005,892679.236,4503916.42
2019-06-15,1,38346,149360,746.097604622,95478.532,248803.46
2019-06-17,111,3365002,1350810,6746.319868987996,894811.7007,4756349.04
2019-06-18,87,2688528,1388420,6173.170317850998,847294.832,4061147.08
2019-06-19,88,2481044,1074274,5362.869623335997,713888.7218,3430365.04
2019-06-20,87,2627175,966160,4896.433043853004,665984.865,3366320.85
2019-06-21,80,2582304,1278300,6368.1783324305,880466.7672,3849695.19
2019-06-22,1,94550,34832,168.14336722,22643.044,66179.84
2019-06-24,92,3002050,1159861,5844.677602634005,759613.633,3806842.91
2019-06-25,87,3027042,1154087,6183.271209849,816247.6365,4754691.77
2019-06-26,93,3188733,1179126,5870.2945608380005,780902.0445000001,3894832.45
2019-06-27,97,3170712,1203237,6483.801545650492,870798.4066666667,3641684.07
2019-06-28,84,2715750,1291752,6868.063001328,903184.949,3676930.23
2019-06-29,1,39071,0,0.0,0.0,0.0
2019-07-01,109,3195216,1135201,6429.108290722498,865359.253,4244049.18
2019-07-02,105,3581618,1162129,6772.5543006705,957357.772,4669375.8
2019-07-03,106,3576455,1236330,6893.2769375325,958054.2755714285,5192306.41
2019-07-04,110,3828371,1225845,7206.9644326395,929892.8995428572,5262564.65
2019-07-05,92,2835630,1197169,6807.171573946,860297.3114428571,4262005.91
2019-07-06,1,140853,41180,223.167333533,30204.348285714284,85034.6
2019-07-08,108,3717884,1148795,7792.0200612985,850524.6225,5297527.31
2019-07-09,112,4162306,1164063,8422.287468621504,918081.1755,5561887.17
2019-07-10,115,4092424,1214550,8121.368114293,915731.532,5917170.06
2019-07-11,109,3971283,1231719,8619.462320395998,996115.833,5579442.58
2019-07-12,105,3516536,1226139,8255.021348141994,974482.6380185185,5332212.89
2019-07-13,1,90886,95612,567.875957938,75483.21,222351.1
2019-07-15,116,3845163,1200710,7889.178262527993,950242.7193148148,5229835.96
2019-07-16,118,4103754,1377479,7879.400986061997,1025684.5292962963,4872307.25
2019-07-17,117,3850331,1213313,6865.1688930129985,834584.6207142858,4211768.37
2019-07-18,94,3089335,1006362,5946.530821185,708529.1324285715,3362483.29
2019-07-19,93,2948079,1225132,6075.656640518499,744372.301,3528441.1999999997
2019-07-20,1,33470,23506,152.396476912,17976.273,54367.34
2019-07-22,102,3166153,1104314,5825.5273003175,677801.4645,3836379.25
2019-07-23,100,3287136,1283701,6707.4121889635,775063.259,3558981.27
2019-07-24,94,3092244,1140230,5281.0067358095,629404.0649444445,3298612.38
2019-07-25,102,3153881,1105062,5583.294989377,639853.3052407408,3168984.84
2019-07-26,98,2819599,1154955,5815.09850013,644173.9042962963,3071210.53
2019-07-27,1,31164,0,0.0,0.0,0.0
2019-07-29,97,3222020,1097512,5904.986131573,657100.1625,3321944.86
2019-07-30,107,3463990,1287912,6475.383969467,726897.1214444444,3444330.6
2019-07-31,119,3566266,1022492,5430.1267210485,603041.1593148148,3628581.81
2019-08-01,111,3826830,1486957,6262.921441536997,788868.3255925926,81414638.23
2019-08-02,113,3428666,1648637,5611.318009055498,817630.934148148,3406841.1
2019-08-03,1,78568,0,0.0,0.0,0.0
2019-08-05,124,4234702,1443930,5044.864868931,732636.7525,3546414.15
2019-08-06,119,3688224,1740627,5550.6098620165,857959.2656666667,4170654.34
2019-08-07,122,4192815,1796054,5462.387386628504,811507.0446481481,3735247.62
2019-08-08,125,3968833,1938092,5523.7785337965015,809440.1115481481,3524370.82
2019-08-09,118,4312319,1860283,6194.763733111,828815.3054481482,4510138.95
2019-08-10,34,827183,322490,1175.990508811,153570.7635,855279.4
2019-08-12,126,4890772,1894259,9268.749133091,1115406.7275925926,4950734.14
2019-08-13,139,4769450,1821689,7920.3430145595,941054.9971481481,5608509.15
2019-08-14,134,4840156,1986818,8251.601602387,1000310.527,5712039.15
2019-08-16,121,4298527,2151849,8163.788043526,1001724.6715,5548697.0200000005
2019-08-17,1,32590,0,0.0,0.0,0.0
2019-08-19,143,4907976,2597611,8509.4505616225,1021739.1145,5365617.99
2019-08-20,117,4212314,2391396,6768.896198474993,797090.7150185185,4356344.14
2019-08-21,126,4351893,2164272,8712.964317966998,977051.8765925927,4311343.53
2019-08-22,133,4646242,1867852,6691.398072062498,749155.0989666666,4559337.0
2019-08-23,109,3442137,2166414,7422.666806463498,867982.2149,4100417.14
2019-08-24,1,31575,27322,96.45671475,11555.472,35584.78
2019-08-26,106,3735255,1600205,5483.531977707999,667151.9654444444,3461036.05
2019-08-27,120,3391027,1729226,6113.816482372,747919.9370481481,3698348.11
2019-08-28,100,3079563,1468327,4944.2482329905,605997.1928703703,3183109.78
2019-08-29,99,3197862,1427285,5586.745266013,715724.6298851852,3652338.13
2019-08-30,88,2577445,1274976,5221.18754991,665709.269462963,3668509.6300000004
2019-09-02,106,3399041,1495699,6096.112600093,690229.7941407408,4317174.88
2019-09-03,111,3325162,1370750,6097.5291847755,731741.5160962963,4693556.91
2019-09-04,98,2959243,1093928,5152.8945277715,638454.2104,3880068.96
2019-09-05,101,3341697,1282453,5669.285573095,725071.9358,3935420.41
2019-09-06,91,3037115,1452246,6003.390650913,770778.6539,4541617.63
2019-09-07,1,35861,0,0.0,0.0,0.0
2019-09-09,100,3059135,1396332,5452.4393540005,683325.0985000001,3731957.72
2019-09-10,110,3789376,1619831,8212.598373458,962272.5761481482,4793375.04
2019-09-11,107,3797282,1397995,6752.555533768,820355.7344444444,4549706.79
2019-09-12,119,4358128,1443715,7220.2374089235,827565.6887833334,5238130.96
2019-09-13,107,3983149,1696950,8025.4455713995,940889.555037037,5382938.8100000005
2019-09-14,1,32699,0,0.0,0.0,0.0
2019-09-16,116,4597404,1509196,7530.495098349,850374.655162963,4928760.04
2019-09-17,120,4808292,1562045,8539.7052589855,915265.4606962963,5981722.71
2019-09-18,121,4081781,1440783,7405.9503306635,790235.7294444444,109946555.72
2019-09-19,123,4262527,1575391,7927.513284121,873393.2906481482,5404221.89
2019-09-20,109,4111647,2049325,9464.493271486499,1034541.5636703704,5956133.62
2019-09-21,1,29922,0,0.0,0.0,0.0
2019-09-23,122,4032365,1854273,8181.270191876501,921451.0136851852,5196758.46
2019-09-24,134,4486814,1983115,8592.164003116,978712.6535,5636397.88
2019-09-25,133,4540312,1848934,7356.924746899,850018.3715370371,5037236.88
2019-09-26,124,4491597,2150511,7352.631280982,844196.7385,4531755.66
2019-09-27,129,4571594,3169493,10274.591729971,1118911.0532962964,5261003.5
2019-09-28,23,495696,199103,560.429858875,46106.739,233080.12
2019-10-01,139,4588551,2843997,9130.583820222,962835.8852962963,5003265.6899999995
2019-10-02,135,4684235,2995554,8788.112634191495,952354.2218888889,4635812.13
2019-10-03,137,4923441,2973238,8407.006951810496,932203.0534444444,4819371.1
2019-10-04,133,4466997,3632826,9917.839141689998,1083765.5746666666,5198470.26
2019-10-05,1,82616,0,0.0,0.0,0.0
2019-10-07,136,4655255,3034999,8082.779497154999,893124.1589666667,4784288.24
2019-10-08,140,5246294,2895758,8942.7131746905,997576.7151037037,5252250.66
2019-10-09,145,5324165,2713564,8703.402313431001,1082697.8222407408,5206496.16
2019-10-10,137,5590573,2529490,9524.197731862005,1157866.7135,5551860.53
2019-10-11,133,5134612,2558923,9494.8068605145,1178877.6376481482,5247459.68
2019-10-12,46,1523342,764445,1983.608229101,267660.37899999996,1361242.35
2019-10-14,149,5693249,2806116,9429.459788153,1187059.3448703703,5181025.29
2019-10-15,150,5735344,3001501,9953.116296929,1247824.974,6405567.63
2019-10-16,151,5510405,2879947,9678.8842811395,1219293.642,7405532.8
2019-10-17,138,5197352,2830148,7910.213531542,972780.8796222223,6398234.09
2019-10-18,134,4689937,3274509,8089.3297465415,1066820.0058703704,6284184.04
2019-10-19,38,1023724,469363,933.5755887305,146937.26150000002,1035922.8400000001
2019-10-21,139,4882852,2762082,6786.4243614645,953322.8204,6455798.02
2019-10-22,134,4595184,2814248,6800.727785009501,954360.1233703704,6104343.29
2019-10-23,118,3806343,1991971,5851.2275234405,797586.4006481481,4765538.23
2019-10-24,107,3337689,2097059,5492.13383406,748519.3975666666,3702882.68
2019-10-25,76,2263074,1715151,5387.6480106645,687569.4130481482,3215025.83
2019-10-26,1,35121,0,0.0,0.0,0.0
2019-10-28,115,3890825,2164311,6915.691892903,830126.4348841482,4380647.08
2019-10-29,118,4040278,2333087,6891.866712958,841202.117532,4141034.3
2019-10-30,109,3571934,1951527,5749.1897641375,733535.149364,3655197.67
2019-11-01,1,30397,0,0.0,0.0,0.0
2019-11-04,115,3900697,1915557,5767.858741588503,811290.759448,3918151.23
2019-11-05,119,3959810,2045078,5924.276801992502,847294.511604,4018229.09
2019-11-06,118,4056065,2053215,6709.097604714002,922109.211064,4309447.23
2019-11-07,128,4412530,1837073,5911.402690281502,802522.430684,4108674.69
2019-11-08,98,4190394,2361493,7350.517923155,1010927.464988,4892672.7
2019-11-09,41,1555449,692213,1826.231932027,257862.4982,1863096.41
2019-11-12,118,4378573,2319126,7240.901149424992,1005230.245192,5993857.71
2019-11-13,128,4706785,2569026,7416.382726058502,1059259.56382,104542858.27
2019-11-14,129,4780642,2334658,6952.105060709498,1016540.6336640001,5366044.01
2019-11-15,105,3912502,2756402,7535.080429408506,1130871.42276,4548761.4
2019-11-16,1,30921,0,0.0,0.0,0.0
2019-11-18,109,4058640,2068346,6219.0882268115,911233.1588399999,4154597.8099999996
2019-11-19,97,2782712,1797953,5093.337955441004,766040.4726559999,3284135.71
2019-11-20,100,3085050,1653333,5154.935588484,734840.593804,3403509.6999999997
2019-11-21,93,2897485,1742330,5104.6153275845,775521.0718465184,3425686.71
2019-11-22,78,2567707,2078183,5992.019128067504,926339.2593881481,3898497.51
2019-11-23,3,35473,27717,104.584388835,14749.032,106664.41
2019-11-25,101,3295867,2069328,5875.176997427504,878132.6192084444,4012560.91
2019-11-26,100,3399798,1949080,5765.8854707525,846827.872165037,3674600.32
2019-11-27,99,3442213,2030270,6376.711943321503,861185.2331468147,3369192.51
2019-11-28,99,3519155,1826228,6371.204377702502,822365.1238444445,3022597.08
2019-11-29,95,3134428,2136538,7294.1756174035,908624.7127148148,3274991.63
2019-12-02,100,4014251,2406068,7611.401825811499,1016576.4393628148,4095650.17
2019-12-03,119,4246886,2231045,7372.895739305506,997956.2813505185,4871584.9
2019-12-04,115,4052812,2512965,7324.728983048,1104453.2568666667,5483379.4
2019-12-05,112,4165841,2343716,6735.280918230004,1052127.6877491851,5064172.63
2019-12-06,99,3382537,2519813,7192.3795019345,1076031.3299505184,5232633.46
2019-12-07,2,51704,2335,4.785414125,918.593,2434.59
2019-12-09,127,4254094,2302995,7773.2189193290005,1125500.9478847408,5248342.58
2019-12-10,120,4307714,2201349,6496.921689191,969742.8187986666,4662431.15
2019-12-11,118,4274242,2400444,7519.3983629375,1092400.0403282964,4888820.95
2019-12-12,123,4343608,2361086,7608.2068600885,1076187.0269,4894287.66
2019-12-13,92,3084431,2151829,6682.4433722635,924906.4114999999,4118852.94
2019-12-14,4,41758,138258,346.933667619,50285.584,238224.22
2019-12-16,105,3356185,2291059,8109.157258837,1019987.4374444445,4435016.35
2019-12-17,117,4353794,2409538,7755.18747624,1015083.4097703703,5025378.71
2019-12-18,127,4435295,2812760,9184.601265109,1253330.8946962962,5166641.2
2019-12-19,115,4382742,3339070,10924.2228804775,1503748.7980074075,5980155.88
2019-12-20,99,3761291,2202176,7316.5089661705,999060.9734074074,4447837.4
2019-12-21,3,70488,76296,230.070910639,33363.814,89952.28
2019-12-23,106,3506230,2011637,6748.660847886,953888.2097222223,4185256.67
2019-12-24,94,2383874,1650159,5781.3560587545,773441.943462963,2847052.31
2019-12-25,2,647293,0,0.0,0.0,0.0
2019-12-26,99,3467148,2073404,6566.6739602785,954892.6938037038,3987629.6
2019-12-27,85,2898046,2599383,8611.847150864,1241225.311837037,4452895.72
2019-12-28,2,2825,124822,409.909854729,56308.779,230477.68
2019-12-30,91,3164376,1791608,5950.644036936,854236.0354444444,3708375.87
2020-01-02,83,2875864,1779674,6609.582946771,947939.1453148148,3858055.6500000004
2020-01-03,75,2173707,1450750,5482.072167237,756177.8457629629,3331958.86
2020-01-04,3,43932,22786,136.607039215,16464.1756,141691.83
2020-01-06,98,3764659,1340927,5682.5696257445,732930.3800629629,3594689.82
2020-01-07,106,3738616,1613580,6526.7621786085,836864.396611111,4854498.93
2020-01-08,113,4146127,2116114,8169.3632389800005,979084.1457407407,5529352.6899999995
2020-01-09,110,4004933,2137987,8738.95607276,977814.1957185185,6053689.02
2020-01-10,100,3744322,2096244,8172.772555145,898115.6800962962,5021983.7
2020-01-11,3,3080,153864,633.6811662,69005.345,453564.07
2020-01-13,96,3138060,2149874,8046.9785344414995,893435.648,4978736.0600000005
2020-01-14,93,3173408,1555991,5934.2548631115005,650326.8686962964,4289300.9
2020-01-15,97,2394528,1629218,6247.7572532185,723444.0623842592,3881928.34
2020-01-16,82,2460433,1212290,4787.934112167,551683.5443569444,3038224.62
2020-01-17,71,1922953,1423449,5338.767093235,604677.9860046296,3098236.93
2020-01-18,1,183,13378,56.89081716,6193.76,18369.56
2020-01-20,96,2562676,1458289,5734.286886387,642701.5078958333,3700612.74
2020-01-21,83,2147542,1278234,4547.759579626,532325.515287037,3454033.9
2020-01-22,83,2150224,1098310,4435.565800665996,493483.3945,3513300.94
2020-01-23,64,1728547,1079259,4277.5465515965,486343.8695,2814118.25
2020-01-24,58,1380438,1053964,4131.564894891498,464508.664,2589792.01
2020-01-27,76,2509184,1044472,4074.149443199003,446183.1361,2669527.72
2020-01-28,70,1935190,908294,3255.024630110502,389370.686,2184968.31
2020-01-29,79,2065528,1268241,4319.753314319004,505565.3723,2567402.66
2020-01-30,69,2188192,1139151,3890.092261603002,466532.81549999997,2385404.91
2020-01-31,67,2241797,1612939,5018.877974764502,614411.9539999999,2760087.5
2020-02-03,86,2581207,1610190,4887.434208125998,626677.1815,3070028.67
2020-02-04,88,2831476,1514418,4878.8798555725,617885.96,3341361.0300000003
2020-02-05,96,3144125,1658187,5301.134945984,636837.881,3684682.48
2020-02-06,102,3826675,2354501,7645.448669731501,861943.1159000001,4886353.51
2020-02-07,98,3640121,2526492,6981.5060894695,822248.6289,4016226.9
2020-02-08,2,1938,115028,278.764933576,34064.208,237818.42
2020-02-10,109,4436124,2350482,6191.657851119499,782555.5565,4146736.8899999997
2020-02-11,102,4219298,2794392,7071.3500025110025,892855.9990000001,5245310.29
2020-02-12,116,4125079,2460800,7776.187157009001,920484.732,5411045.99
2020-02-13,114,4570988,2407130,9629.718442115001,1095136.9027,7261535.51
2020-02-14,99,3652651,2137570,9206.561119467,1029460.2178999999,6521376.1
2020-02-15,4,41458,51504,252.528984691,29495.956,121913.39
2020-02-17,115,4196688,1783051,9335.352397908,989801.771,6510179.79
2020-02-18,115,5055008,2114212,12082.767506684,1181199.6,7929393.91
2020-02-19,116,4218644,1610856,9681.9750758135,989049.5164999999,7081009.24
2020-02-20,103,3490728,1743454,9755.1924547805,1036627.5475,6200568.779999999
2020-02-21,72,2155826,1248896,6341.1754455115,718761.477,3701167.02
2020-02-24,92,3194087,1241316,6738.9030961339995,738421.5075000001,4206161.93
2020-02-25,79,2559414,1263958,7154.074429276996,753620.2365,4330934.49
2020-02-26,96,3115753,1296978,8333.827655656998,825255.4261,5246512.109999999
2020-02-27,102,3769709,1136088,9190.987034024496,837549.175,5691999.92
2020-02-28,89,3205949,1427002,10059.224178972998,932191.4275999999,5817815.32
2020-02-29,1,3052,62120,355.943469102,35194.028,214230.52
2020-03-02,112,3979372,1378254,9814.700303575,904078.5819999999,6083866.04
2020-03-03,94,3064471,1447512,9368.634584850999,904450.2121,5538332.57
2020-03-04,94,2708055,1349345,6779.66270827,750470.4475,5351163.25
2020-03-05,89,2516273,1248322,6774.9570898229995,725422.3832,4736449.21
2020-03-06,88,2586805,1349316,6976.6665149109995,710830.9896,4385747.38
2020-03-07,2,2635,127822,704.001083813,66036.5144,236189.82
2020-03-09,94,3040914,1219818,7329.037505698,687467.3778,4318349.78
2020-03-10,93,3583982,1258111,8942.954834086,785736.3685999999,5509876.11
2020-03-11,104,3655708,1232042,7747.056221944,741429.6111999999,5015273.890000001
2020-03-12,105,4257098,1315530,8838.451962607993,834655.413,6003952.07
2020-03-13,97,3461380,1440346,8948.832338333497,846245.497,5642256.52
2020-03-14,2,3052,48060,412.393698245,35053.988,187138.46
2020-03-16,74,2607134,723505,5560.068287851004,566761.7894,3616034.24
2020-03-17,43,917306,268533,2580.589642042002,263669.5605,1450798.11
2020-03-18,27,716507,199821,2055.013537406,242591.18060000002,1165682.98
2020-03-19,29,788595,159489,1537.909022773003,136875.5092,1147413.6600000001
2020-03-20,1,651,32140,223.323696124004,23529.2528,83261.0
2020-03-23,1,1132,37900,318.498717928,29941.754,157092.8
2020-03-24,1,461,21798,184.87779475,16706.24,75054.56
2020-03-27,3,45375,17464,655.6044689749999,48159.350000000006,79143.44
2020-04-01,4,58881,22931,1065.549850575,73856.7368,186784.24
2020-04-07,4,63489,32318,740.9273102,59911.148,74922.92000000001
2020-04-09,1,5408,221,0.0604805,23.36,2141.94
2020-04-10,32,875362,323965,2555.413147104,250643.209,2352696.69
2020-04-14,2,239,33092,225.471071872,21263.728,118439.2
2020-04-15,8,69220,56364,1184.441749728,95074.93340000001,279649.58999999997
2020-04-20,32,984287,208657,2576.820988946509,246542.88160000002,1851066.71
2020-04-21,5,45184,51198,882.963182517002,70006.283,274605.53
2020-04-22,2,1863,23184,211.254965703,21099.7118,92699.9
2020-04-24,1,58,1860,10.445103004,1293.312,7576.28
2020-04-27,38,1100405,294369,4085.397347231994,351373.5493,2776984.05
2020-04-28,7,9833,32643,571.614416525,40344.257,194368.40000000002
2020-04-29,1,1424,28836,248.404532105998,21694.718,103434.66
2020-05-04,5,10931,30802,339.21291424599997,33354.1253,137190.53
2020-05-05,46,1292140,418772,4178.571361022,392683.2562,2784168.6900000004
2020-05-06,4,3195,33468,282.28133335,27083.864,113381.99
2020-05-07,1,948,36198,278.983483627,27334.4228,105715.4
2020-05-11,1,0,0,0.0,0.0,0.0
2020-05-12,51,1804743,658838,5203.7029242710005,537250.2743,3517543.46
2020-05-13,20,188103,279138,1628.166913925002,178145.03029999998,847833.74
2020-05-14,6,15286,204460,1473.609627885,140346.3276,859991.56
2020-05-15,6,17951,180096,1055.314776906,106051.6078,539143.72
2020-05-18,51,1666200,598373,4353.189076351,434435.2387,2711568.2
2020-05-19,42,1700526,466772,3258.2567040015,326291.9252,2566482.43
2020-05-20,43,1601434,446745,3489.5098239925,343191.0476,2327198.5700000003
2020-05-22,49,1668251,674108,5134.594999854,501003.8526,2880914.82
2020-05-25,90,2954710,781169,6231.4877790795,626609.9792,4232525.73
2020-05-26,98,3489658,999761,8866.789674565,924141.8866857142,6001814.609999999
2020-05-27,97,3519945,980811,9039.250484284,960249.2240285715,5669458.16
2020-05-28,97,3778312,1108690,9929.330918178,1037527.8146142857,5547834.37
2020-05-29,94,3802613,1200012,11316.274521905,1179084.9008142857,6353905.47
2020-05-30,24,780296,396660,3297.258262053,352287.505,1754353.74
2020-06-02,116,4775316,1345874,12974.707067948802,1396687.5697857144,7184008.01
2020-06-03,109,5115613,1150662,11629.909390363813,1293120.3995,7345223.949999999
2020-06-04,118,4176247,1451546,13228.75081171899,1469865.8563142857,7512831.53
2020-06-05,113,4128721,1232925,11458.936333270001,1264204.8437714288,6389921.5
2020-06-06,35,1218720,474642,4084.0193321699962,451249.5164000001,2467772.83
2020-06-08,116,4135952,1258629,9720.045213536101,1130723.7145428574,6581276.4399999995
2020-06-09,113,3957418,1479186,9453.2393705904,1079954.4348000002,6028328.49
2020-06-10,112,3829850,1362047,7866.345532540502,906248.4558000001,5378986.87
2020-06-11,112,3730956,1700623,9913.587147467504,1155726.0217,6302716.4
2020-06-12,118,3880588,1907533,10056.319970754,1202147.5866,6502260.88
2020-06-13,14,252411,118725,609.330119966,70351.4442,466012.97
2020-06-15,116,4198678,1587546,9141.862776782,1052901.9558,5882870.41
2020-06-16,122,3446802,1430632,9781.534516288,1095118.1171,5966092.46
2020-06-17,116,3772862,1142528,8403.868573950494,961022.6802000001,5763697.4399999995
2020-06-18,128,4470252,1700461,10738.087867747,1176385.2626,6514177.9
2020-06-19,119,3825838,1706403,11559.309621089255,1218329.4694750002,6105341.1
2020-06-20,30,740180,332818,2361.883793794006,243184.022,1506498.27
2020-06-22,111,3912758,1238300,10175.0420211115,990431.3495274929,5319879.6
2020-06-23,118,3863441,1472369,11548.560310227007,1084412.0424431623,6174810.64
2020-06-24,108,3717368,1116231,8432.306627982001,833027.4035315528,5161720.13
2020-06-25,116,4215693,1769827,12534.186400987508,1221107.6584806268,6309586.99
2020-06-26,104,3616701,1646996,11392.967227713498,1134535.0726720798,6144340.23
2020-06-27,24,787501,402970,3060.2534564510033,311350.64542891737,1739037.0699999998
2020-06-29,116,4100236,1152680,8867.192376597002,907605.0524183048,6345951.39
2020-06-30,115,3785854,1284155,9804.235735392,1061431.5088183049,7093021.84
2020-07-01,118,4132755,1042763,8783.717442840496,967213.1933360399,7000194.78
2020-07-02,119,4272931,1452116,10819.114010112999,1177521.8519042735,7535819.140000001
2020-07-03,115,3954974,1599918,11802.482846286508,1304200.3076521368,7991642.43
2020-07-04,17,340794,180283,1659.207663489,170505.48816374643,857452.27
2020-07-06,122,3695338,1375897,9496.666541300501,1061588.993281054,6824599.3100000005
2020-07-07,135,4146250,1493792,9700.300715634501,1092237.0532028489,5915951.17
2020-07-08,126,4267100,1372122,8770.1617844265,1004635.3370374644,5712719.55
2020-07-09,124,4083238,1795300,10103.6006243635,1158697.5212317663,6145436.42
2020-07-10,122,4069500,1921659,10177.233235249008,1184583.1397201568,82835814.61
2020-07-11,2,1072,33330,216.270673752,22960.712,94514.82
2020-07-13,123,4172820,1581080,9815.071615594494,992561.468475356,158452392.42000002
2020-07-14,121,4260092,1161394,8722.891387702004,784353.077,4869790.42
2020-07-15,115,4005061,1347123,9983.469356857999,850956.228,5185567.53
2020-07-16,124,4376562,1432039,9950.031185780492,868808.2810000001,4942677.96
2020-07-17,107,3492612,1609341,11307.087171828996,973788.171,5606091.970000001
2020-07-18,3,5491,54849,436.873226368,39732.939,156410.65
2020-07-20,121,3264346,1241223,7870.251992325493,745035.549,4534852.36
2020-07-21,3,3898,108188,730.6168084025,68589.049,438679.21
2020-07-22,129,9962955,1304580,8656.320859179998,889990.219,6023297.08
2020-07-23,126,4178738,1624180,9199.768163602497,1050164.4154,7050015.53
2020-07-24,116,3890003,1900538,8817.9381720545,1093066.0976,6409010.029999999
2020-07-25,1,1275,213970,843.28375807,112029.86,605362.35
2020-07-27,123,3612867,1695010,6931.199379442,897340.342,5718545.8100000005
2020-07-28,117,3715000,1873810,6438.235960848,861469.6686,5588829.1
2020-07-29,117,3368051,1622219,6106.312001274497,789015.7876,4906570.49
2020-07-30,113,3437120,2258577,7177.262840070501,955920.4082000001,5415656.55
2020-07-31,1,47323,0,0.0,0.0,0.0
2020-08-01,1,82258,966,5.104245375,474.74,1634.78
2020-08-03,104,2587125,1514313,5107.0101664635,670217.63,3850189.06
2020-08-04,98,2651459,1414170,4606.081930235,599066.566,3718243.09
2020-08-05,95,2512825,1476062,4588.344611442503,601339.0865,3514862.19
2020-08-06,91,2670361,1695353,5521.192639350502,735195.774,3901563.7
2020-08-07,84,2270616,1557911,5173.000988322,692922.4025,3724131.1199999996
2020-08-08,1,30296,0,0.0,0.0,0.0
2020-08-10,83,2920993,1218531,4809.9515002975,610800.368,3614595.94
2020-08-11,79,3008305,959854,4919.441567576503,593363.119,3599038.41
2020-08-12,89,2517063,1075074,5012.671839402006,620743.294,3860727.89
2020-08-13,74,2424834,1044795,4979.230649020502,624526.7293,3562305.71
2020-08-14,71,2057139,1210498,5106.2629419665,664075.1006,3213720.77
2020-08-15,1,59870,0,0.0,0.0,0.0
2020-08-17,81,2575827,1106377,4954.5136246725,598568.0016,3478565.3499999996
2020-08-18,86,2441697,1034382,5448.3688356815,631723.7025,4180197.04
2020-08-19,84,2514150,1126716,5577.193360139,638935.811,4026195.86
2020-08-20,79,2846376,1290998,6875.894241107,790727.8987,4483451.72
2020-08-21,77,2557042,1264557,6553.220800598004,707177.4794000001,4251074.31
2020-08-22,3,1058,134180,526.192256887002,58302.764500000005,315675.96
2020-08-24,86,2446302,1170374,5638.8276162645125,602197.4225,3284188.73
2020-08-25,96,3094846,1262491,5911.487812988504,615769.531,3536069.7600000002
2020-08-26,100,3190691,1359381,5985.705324438008,682045.527,3692002.45
2020-08-27,98,3453508,1795651,7970.778550783004,950987.8065,5134911.67
2020-08-28,92,3107552,1544606,6149.651842185005,776573.2736,4132216.92
2020-08-29,3,5378,105720,358.661826917,45711.005,178470.85
2020-08-31,102,2914118,1493492,6462.675368505502,784112.8709,4320822.97
2020-09-01,105,2878644,1366570,6191.3996555894955,783654.7150000001,4604415.08
2020-09-02,99,2883370,1302369,5760.858205054497,697469.509,4141620.13
2020-09-03,103,3151391,1589237,7068.044813330498,876287.3955000001,4725167.77
2020-09-04,103,3025014,1809528,7307.3027074945,922112.4605,4854645.39
2020-09-05,1,1788,58758,257.380530073,34219.437,118152.43
2020-09-07,111,3137049,1546904,5637.1723155165,720160.187,3733223.63
2020-09-08,114,3225481,1602725,5942.1512150584995,723985.7518,3924009.87
2020-09-09,113,3478598,1490616,6310.0319678965,763860.5556,4021684.5300000003
2020-09-10,103,3111073,1692207,6049.3225332055,784131.5773,3943279.1899999995
2020-09-11,100,3088394,1984880,7030.64749224,891384.9358999999,4180300.6100000003
2020-09-12,3,32181,94890,406.789278348,52466.151,243095.98
2020-09-14,119,4257203,1527643,5961.9048081655,637906.9555,3476452.9
2020-09-15,117,4287804,1772010,7555.034223971494,834648.5185,3954285.7
2020-09-16,109,3468403,1570713,6217.312854656998,702765.6305,3731690.85
2020-09-17,111,3758586,1946993,7858.047825914999,898398.4725,4830185.09
2020-09-18,108,3571646,2383250,9689.74111370649,1189677.5406,5482374.26
2020-09-19,5,82826,246686,841.3758505870001,105452.83799999999,409971.91
2020-09-21,109,3587032,1930727,6607.444790658995,810007.8964999999,3631964.87
2020-09-22,116,3681722,2104258,7144.5595527225,987910.5965,3814531.0
2020-09-23,120,3884855,1859488,6813.785906921999,1068646.1099999999,4193330.82
2020-09-24,121,3830445,2162830,8368.303165655001,1226906.892,4636275.050000001
2020-09-25,123,3816108,2439480,9678.148628097995,1449704.7505,4961608.79
2020-09-26,32,1052330,658784,2563.6813986155,322237.12549999997,1584430.78
2020-09-27,3,400385,610,2.3858984999999997,204.014,884.29
2020-09-28,128,3888312,1813723,5987.215749001495,875888.7235000001,3804184.0300000003
2020-09-29,131,2584875,1374310,4976.606853973,829226.0095,2594007.66
2020-10-01,1,4795,0,0.0,0.0,17216605.599999998
2020-10-02,116,3736158,3131457,9981.7480615085,1200174.691,29320691.68
2020-10-03,32,918226,1002729,3087.9336987095,383451.07600000006,2451861.3
2020-10-05,129,4342318,2671944,8582.935706238,981893.321,6241502.78
2020-10-06,141,4384022,2686183,9968.821567089999,1076024.7271,7534058.850000001
2020-10-07,140,4733833,2492152,8834.8090244595,1026398.806,6762292.94
2020-10-08,140,4651982,3054019,10294.006520828,1228058.9387,6586209.49
2020-10-09,111,3902153,3075932,9639.826420813497,1189296.1765,5851800.6
2020-10-10,6,54137,568201,1534.575920317,181552.592,532719.28
2020-10-12,127,4618436,2861179,8196.141542559493,1013663.5309,5205840.1
2020-10-13,130,4355429,2594241,8615.568230051991,1032589.6769,5072532.92
2020-10-14,123,4085742,2371236,8391.903529378498,963480.2245,5163688.26
2020-10-15,117,3903563,2347740,8231.379097016492,994256.8960000001,4949223.2
2020-10-16,116,3813319,2710594,9915.801835888493,1233313.3745,5718969.2299999995
2020-10-17,29,755371,682739,2465.4383540449917,295559.63800000004,1078616.9700000002
2020-10-19,114,3580986,2319841,8940.182257159995,1051485.5355,5238224.93
2020-10-20,132,4196106,2196265,9272.449357562002,1057568.243,5432857.15
2020-10-21,131,3882364,1960933,8436.433010924495,980042.9535000001,4571611.93
2020-10-22,128,4504133,2703967,9209.127134401497,1117850.1365,106790908.74
2020-10-23,119,4137315,3357730,11109.872126699507,1435882.6235,5218330.32
2020-10-24,35,1077764,757367,2085.9553056035,289076.06,1227181.26
2020-10-26,130,4130307,2497395,7735.369653288,959983.5345,3855978.43
2020-10-27,127,5113588,3021459,8758.102666426501,1136971.7340000002,4682330.73
2020-10-28,130,4139419,2694249,8065.4291926205,1028165.7835,4759587.75
2020-10-29,122,4492616,3011379,7303.423747679001,975853.7105,4206797.78
2020-10-30,87,2882867,2462835,5473.3423728005,714405.6287,2982896.48
2020-11-02,78,2574178,1470468,4134.267725601498,507261.577,2615716.86
2020-11-03,78,2463229,1330627,4644.923003935998,562907.7974,2848432.8600000003
2020-11-04,64,2138522,1015822,3608.3689654385003,444921.221,2369772.84
2020-11-05,61,1974794,1388020,4433.746777642,561240.6425000001,2922011.25
2020-11-06,38,1051614,972966,3187.6753019709968,391148.484,1950865.73
2020-11-09,56,1413819,929843,3181.044622834998,385816.31200000003,2136356.95
2020-11-10,37,924938,658536,2237.065917695494,274970.2255,1408611.69
2020-11-12,37,987655,492886,2375.544441701498,258423.022,1248731.07
2020-11-13,31,890803,665421,3263.2665713610004,294119.67100000003,1420107.35
2020-11-14,1,37003,0,0.0,0.0,0.0
2020-11-16,80,2690504,1440519,4932.7265035915,593637.4014,3163858.2600000002
2020-11-17,91,2941365,1595438,6784.91247951749,726366.6578,4085423.26
2020-11-18,90,2753127,1819343,6728.2717740170065,853073.4305,3679067.93
2020-11-19,77,2943534,1494962,6390.3953359729985,698357.77,3253188.12
2020-11-20,67,2282884,1886497,6841.8983548470005,814875.7375,3350280.83
2020-11-21,2,7346,80966,318.103841168,36945.278,115735.92
2020-11-23,93,3106536,1614945,5192.636729568,634798.5483,3211030.02
2020-11-24,106,3689181,1716834,6471.927084763005,766745.426,3574904.01
2020-11-25,96,3287203,1560879,5760.949438163,646062.8035,3379621.31
2020-11-26,94,3284657,1980524,7926.219808523503,862535.652,4208318.48
2020-11-27,82,2665303,1934147,6815.452730585503,765253.2871000001,3387193.29
2020-11-30,89,2524032,1592066,5183.414564869002,583987.453,2675293.31
2020-12-01,93,3131673,1493264,6075.307777689004,627689.9975,3080626.1599999997
2020-12-02,91,3212808,1491548,6126.996043728985,643618.3674999999,3314598.7
2020-12-03,94,3273250,1947704,7683.130436958996,831665.57,3770995.59
2020-12-04,88,3036603,2216281,8355.697400538997,942083.1969999999,3770221.71
2020-12-05,29,676758,502054,1458.941871487997,194943.9045,895139.74
2020-12-07,101,3519726,1907414,6430.367224700004,799309.7405,3739568.68
2020-12-08,120,4424552,2401884,7979.4712342859975,1040744.6855,4815462.2
2020-12-09,115,4073577,2023587,6347.8335296455,847935.633,4463369.72
2020-12-10,119,4107003,2441771,8376.891744160992,1025212.5725,5084021.38
2020-12-11,111,3892079,2540160,8132.480884968495,1039682.5295,4982061.38
2020-12-12,53,1466840,1111079,3547.4913173305004,455277.9045,2013487.3800000001
2020-12-14,114,3950770,2088521,6587.722721567004,818144.6815,4176324.3499999996
2020-12-15,129,3791768,2003966,6414.168768347002,836192.4792,4310667.83
2020-12-16,116,3692106,2272463,6533.657977004503,935008.4393,4057084.3099999996
2020-12-17,117,3701218,2276470,6715.440581967,950439.4168,4067969.0700000003
2020-12-18,98,3181656,2332112,6849.341569156002,977254.882,3654177.9000000004
2020-12-19,3,653742,109127,313.993350456,43186.714,121518.86
2020-12-21,88,2698897,1470351,4868.206694001,690057.688,3578751.04
2020-12-22,90,3261174,1780056,5761.6669031985,827381.1,3814549.04
2020-12-23,96,3274503,2243125,6891.192245028,999809.5930000001,4450758.32
2020-12-24,90,2226983,2007947,6231.774037871497,897414.087,3476336.3899999997
2020-12-28,83,3228023,1711508,5661.801788126002,795722.594,3320195.05
2020-12-29,104,3519097,1880416,5732.521380447506,804673.296,3838663.9299999997
2020-12-30,88,3433095,2532521,7650.680034979998,1095333.516,4036537.7
2021-01-04,95,3410925,2006537,5314.203057371497,812279.0817586712,4115438.12
2021-01-05,113,3745670,2109523,7350.950413940998,1112988.2075036345,5343996.47
2021-01-06,90,2463115,1336232,4600.493776620509,705114.2420173404,3946341.87
2021-01-07,76,1799693,1237706,4436.1550464195025,663044.9667764235,2901446.84
2021-01-08,65,1320959,1103551,3310.236087721002,495002.56961081445,2086630.71
2021-01-09,1,29550,0,0.0,0.0,0.0
2021-01-11,68,1428903,826465,2783.053512009,407058.38154992816,1879499.87
2021-01-12,66,1938518,589923,2456.1280454615,320070.4373192868,2949364.54
2021-01-13,68,1734873,719265,3359.4344601015,415468.1194253038,2843910.2199999997
2021-01-14,65,1905772,869796,4221.558267781,507255.49203893053,2958922.38
2021-01-15,52,1509395,906397,3982.8691645995004,484134.20477770036,2640805.01
2021-01-18,58,1484343,690442,2848.863912565,347972.99336834386,1943108.94
2021-01-19,67,1735917,839396,3080.801080606,396932.3234945638,2126558.83
2021-01-20,50,1334133,885032,2595.638945979996,371892.59709917055,1597237.36
2021-01-21,68,2024191,906401,3411.884698875006,381273.7202548115,2379570.9
2021-01-22,72,2252448,1863561,6326.500404931002,750649.7060297311,3649827.65
2021-01-25,59,2188247,919881,3377.635853986004,383306.8712894069,2087759.7
2021-01-26,55,1577463,832366,3829.798803106502,388630.009905744,2267226.77
2021-01-27,64,1989966,902503,3896.391710614502,404102.3934664769,2467007.8200000003
2021-01-28,56,1950203,883640,4176.625953941,430416.20455620857,2421664.09
2021-01-29,51,1628757,1043360,5068.374935322499,522574.42583236884,2669914.73
2021-01-30,2,32713,13010,68.819273852,6037.286,23027.86
2021-02-01,75,2799167,1209361,4933.0398843418325,565302.0112980428,3304746.95
2021-02-02,74,2064456,960349,3926.8448838105,491297.1623132769,2885781.63
2021-02-03,80,2399234,1156749,4157.1316873805,550563.2974609258,2880300.74
2021-02-04,74,2229014,1219759,3768.535328375,531607.9651497023,2869211.58
2021-02-05,66,2023523,1167131,3600.1640067165,508795.4794024605,2680308.73
2021-02-06,3,986,107574,268.988506509,39954.48340468259,216442.52
2021-02-08,72,2785059,1547836,4584.029380846,664645.9889711984,3439539.2
2021-02-09,76,2463659,1297934,4209.6884616709995,564053.1946739426,3023177.6
2021-02-10,71,2405821,1344849,4750.757201427,614911.6320996406,2925360.67
2021-02-11,84,3198323,1659437,6018.424792786,792481.1374071387,3547243.41
2021-02-12,88,2516473,1863963,6507.928937918001,861361.5908231555,3546224.88
2021-02-13,4,61778,160827,574.852351312,73883.65829162898,430308.28
2021-02-15,75,2171032,1508348,4904.969421302498,646617.2311702499,3015993.54
2021-02-16,81,2674067,1477186,5312.898263569498,715593.7998230795,3206702.27
2021-02-17,74,2314587,1357966,4847.441578530997,630717.3057454203,3663756.59
2021-02-18,86,2903767,1763271,6824.754087618498,790893.7634967859,3834566.12
2021-02-19,83,2467050,2005790,7264.9702061185,885305.9629878625,4130331.97
2021-02-20,3,31753,172594,458.421321007,61840.582,276908.32
2021-02-22,86,2827739,1156418,4843.737011009995,596471.8914,3746587.25
2021-02-23,93,2932126,1302275,6417.3262181435,752489.1904,4827947.0600000005
2021-02-24,84,3284403,1006524,5167.109002113,612860.1625149553,4562783.13
2021-02-25,88,2825431,1094138,5396.890508796494,684132.7174,4453815.28
2021-02-26,82,2789780,1628360,7694.808407745995,974386.1982,5282817.37
2021-02-27,4,21393,180400,852.409651386,110143.919,474580.27
2021-03-01,100,3517366,1223841,6666.342972799499,759019.518,5112182.49
2021-03-02,103,3480425,1410955,7814.1312126935,919332.5628383184,5453833.79
2021-03-03,92,3036434,1181482,6481.529643609997,790521.801,4639991.16
2021-03-04,98,3435483,1247309,6828.8714069479975,846139.16,4642172.38
2021-03-05,92,3233506,1824838,9080.118673529501,1120223.192,5942292.14
2021-03-06,2,34653,49822,272.397504001,30391.844,96239.68
2021-03-08,94,3200738,1277284,6114.731292277501,764910.2594999999,4344878.82
2021-03-09,93,3226510,1361422,7491.569552483,870221.7105,4758009.63
2021-03-10,97,3336392,1156617,5996.395585945,687719.195,4578069.6
2021-03-11,103,3810100,1651014,7659.136091991,882460.7945,5003432.23
2021-03-12,99,3744711,2482907,10264.0451063875,1171865.7396,5822709.42
2021-03-13,3,6009,126910,585.593168945,63325.395,238661.16
2021-03-15,105,4306673,1448493,5620.269655637,630664.9935,4493378.99
2021-03-16,95,2976488,1624289,6418.659430669497,759101.651,4922591.15
2021-03-17,100,2977952,1311611,5721.048499024007,633245.5045,4971643.71
2021-03-18,101,3127150,1505130,7367.758269434,824819.0231999999,5645392.05
2021-03-19,95,2618551,1725327,8838.4604056185,988408.3809,5935653.81
2021-03-20,3,1118,23664,132.362441787,14295.818,92019.65
2021-03-22,88,2527390,1142054,5473.9825091675,625992.164,4043223.83
2021-03-23,78,2173588,1108249,5309.957523413,604798.1725,3612236.03
2021-03-24,81,2256809,957554,4447.0522729535005,546455.196,3087429.44
2021-03-25,84,2265727,1203384,5844.067096332,746303.2025,3686484.0
2021-03-26,76,2113387,1298051,6165.7344125085,741363.1950000001,3811036.79
2021-03-27,1,400,26194,123.412747112,13051.282,91636.25
2021-03-29,59,1635412,677665,4183.986454868503,449905.158,2930827.93
2021-03-30,86,2943634,764541,4829.1846476069995,543089.181,3191540.1
2021-04-01,69,2117282,608439,4179.2444029035,466441.5965,3037082.47
2021-04-02,71,1820032,698354,4025.671230340497,476698.7585,2838793.06
2021-04-03,1,34863,0,0.0,0.0,0.0
2021-04-06,69,1913588,704585,4236.508351572495,479865.8725,2641866.61
2021-04-07,59,1859883,653567,3646.604165201993,430251.5192,2389650.65
2021-04-08,23,284940,168990,1024.0967210185,116328.571,612883.25
2021-04-09,68,2008368,596701,4103.919450073996,456648.8178,2939702.7
2021-04-12,85,2550980,864447,5578.665457338502,632536.0564,4063273.6799999997
2021-04-13,85,2773445,922153,5825.016770866996,665558.1452,4114916.85
2021-04-14,90,2749258,676909,5109.412530155,568371.3782,4304219.41
2021-04-15,90,2837387,769279,5041.449032066,560482.4643999999,3934028.96
2021-04-16,91,2773310,926127,6281.6250420095,684375.0365,4869388.18
2021-04-19,103,3056738,978793,5778.459410219997,635354.9995,4772168.91
2021-04-20,101,2863183,929020,6323.860166242495,681392.8354999999,5155246.13
2021-04-21,93,2653619,835077,6643.063963014494,672344.4815,5092412.85
2021-04-22,96,2851127,914653,6707.410160390498,680518.8825,5151736.69
2021-04-23,90,2870450,1238887,8381.5850536555,852522.3485,5170809.54
2021-04-24,5,17551,205833,1251.59085443,129098.884,849577.07
2021-04-26,93,2808901,1029819,6900.772492084,669988.2835,4714468.19
2021-04-27,90,2911085,1052109,7831.982171228,719238.8415,6670562.85
2021-04-28,91,2684346,903598,7219.185401714494,633339.174,4986984.12
2021-04-29,97,3261241,858270,7573.6573665495,627941.74,5145953.26
2021-04-30,93,2725495,1128928,9598.758739966504,829165.674,6066364.14
2021-05-01,2,481,74574,437.932060811,45700.887,310492.92
2021-05-02,1,163149,0,0.0,0.0,0.0
2021-05-03,97,2799709,973403,6808.885464830502,646480.2985,4789776.57
2021-05-04,96,3013637,1042561,6900.366736814,667197.276,4737408.3100000005
2021-05-05,97,2983271,811015,5746.852237213,536442.6415,4190729.6
2021-05-06,101,3007678,932766,6891.71291037,685345.037,4693723.59
2021-05-07,97,2869387,1405170,9175.2515148775,940642.095,5815265.63
2021-05-08,1,85,3970,29.990771504,2942.682,14182.82
2021-05-10,103,3239435,950598,6884.0118183145,685581.956,4686351.62
2021-05-11,100,3424119,998530,6360.47677731,688491.8424999999,4510451.5200000005
2021-05-12,98,3326010,1019076,6147.22913494701,676490.8025,4180622.0900000003
2021-05-13,2,1109,12960,112.998433708,11449.403,48060.68
2021-05-14,81,2290139,1222751,6124.696516806006,697105.887,3768242.44
2021-05-15,33,992005,275169,1526.982212063004,183055.83800000002,1218430.1600000001
2021-05-17,110,3732032,1455345,6862.949558088004,867342.8515,4742118.22
2021-05-18,105,3511091,1236044,6133.690214171005,749118.4865,4227452.67
2021-05-19,105,3277389,1112929,5830.056968789495,686874.5605,4328620.37
2021-05-20,108,3361908,1238876,8077.5770886450055,901960.1148,5177443.81
2021-05-21,100,3142226,1262945,8640.155896144504,935651.2722,5069503.49
2021-05-22,32,749535,511898,3296.317730797,365882.4745,2430467.6799999997
2021-05-25,101,3234305,1232894,7653.640104421,804756.022,4699609.44
2021-05-26,100,3309607,1138459,8151.042788942493,818474.7309999999,5510003.85
2021-05-27,101,3385441,1082871,7354.999081624501,703919.36,4650382.92
2021-05-28,96,3282877,1666519,9100.047401089496,1017616.8209999999,5281562.99
2021-05-29,26,826290,301921,1714.3752462614998,181613.948,1099328.75
2021-06-01,113,4168299,1212990,8556.266180920005,844661.208,5802748.16
2021-06-02,114,3982564,1057475,7229.290502623,747972.053,5015311.2299999995
2021-06-03,117,3861245,1188099,9119.918045401002,951975.0935000001,6281592.95
2021-06-04,101,3252991,1071973,8562.3146806515,902603.2295,5973257.93
2021-06-05,28,781195,440783,2964.6774570324997,330142.385,2042499.5
2021-06-07,113,3684866,1119353,7299.456226381,790484.65,5005686.09
2021-06-08,114,3791986,1077046,6787.4673639465,750883.17,5070972.05
2021-06-09,116,3785662,979381,8201.4133478245,887654.1295,457806592.53000003
2021-06-10,122,4140635,1260750,8142.1122806500025,900291.9335,186918491.53
2021-06-11,111,3644960,1711765,10242.870627549502,1087292.2895,7138656.98
2021-06-12,40,1236777,340757,1805.3945589745,192272.025,1301313.91
2021-06-14,124,4163706,1418358,7917.1897629015,919622.9245,5368534.87
2021-06-15,124,4179286,1492737,7902.9930538715,947574.22,5629000.84
2021-06-16,134,4049340,1520041,7768.254801304499,905266.5105,5687351.29
2021-06-17,129,4422627,1605083,8144.493458901,947212.9405,6094467.600000001
2021-06-18,120,4219082,1698038,9180.3001749825,1081794.4919999999,6670364.63
2021-06-19,35,997766,456343,2421.3216892709997,289982.429,1813400.9300000002
2021-06-21,124,4553407,1567836,6984.823634823497,847744.022,5751230.28
2021-06-22,127,4015938,1457830,7783.871988106498,867179.9505,5554751.71
2021-06-23,129,4184892,1258955,7797.898486375508,812736.438,6167796.58
2021-06-24,120,3855353,1427131,8037.689327774504,863093.6588000001,6119764.93
2021-06-25,112,3405341,1466625,8062.9513311460005,905602.8500999999,5974744.48
2021-06-26,2,586,97064,367.226476986,47823.566,177839.1
2021-06-28,107,3722227,1101834,5641.741745702006,645998.41,4143641.2
2021-06-29,107,3066134,1049944,5608.322064453002,626859.372,4819640.66
2021-07-01,116,3947185,1347963,8574.086778382996,927113.2694999999,6172473.6899999995
2021-07-02,94,2946526,1257058,7577.8433092469995,794811.574,5156972.069999999
2021-07-03,3,65668,105886,679.849404790998,79026.851,390014.44
2021-07-05,94,3713380,1156079,7289.353490244498,776316.3389,5548385.19
2021-07-06,102,3445191,1123346,6283.106469607501,713535.0101,4925385.67
2021-07-07,100,3022189,1048690,6378.631865401498,696273.016,5368589.7299999995
2021-07-08,103,3496640,1449800,8251.831763012502,886711.8485999999,5808240.2
2021-07-09,97,2846784,1525504,7568.221923032997,820469.4654,4980217.96
2021-07-10,2,932,151255,746.120407709,79540.931,425165.88
2021-07-12,102,3240921,1198753,6073.9056626595,650343.4891,5001404.72
2021-07-13,99,3259815,1116484,5791.604857115997,622713.9587000001,4910195.05
2021-07-14,89,2681736,1072389,5532.8803157135035,564396.205,4078392.64
2021-07-15,93,2974936,1205700,6396.100184372497,656496.6288,4960578.72
2021-07-16,90,2657323,1433331,6698.6551575455,722814.0997,4226880.92
2021-07-17,2,15047,29562,109.36373651,13672.318,42294.36
2021-07-19,94,2667338,1076973,5314.8867083955,599441.9763,4366737.95
2021-07-20,76,2112343,988349,5106.0738505615,547374.0615,3748061.86
2021-07-21,1,12,0,0.0,0.0,0.0
2021-07-22,86,2588551,945991,5744.5443958065,558464.2655,3966687.83
2021-07-23,79,2120356,1015412,6078.545893142,582644.3604,4068747.8000000003
2021-07-26,96,3181017,890059,5483.6235234695005,557858.0964,5002649.72
2021-07-27,94,2958285,826425,5335.5957916795005,569993.9594,4921635.0600000005
2021-07-28,102,3372045,1050282,6277.142010356,665999.4796,5850521.4
2021-07-29,90,2730867,1197950,6727.607015409998,745732.875,4964911.67
2021-07-30,79,2180465,1246537,5700.710522323998,673601.2045999999,4034875.0300000003
2021-07-31,1,6766,31634,153.757697343,18250.968,64971.38
2021-08-02,99,2909293,1026836,4960.870804051,592682.443,3982568.58
2021-08-03,100,3069378,1049594,6026.226656359001,646452.4734,4167224.41
2021-08-04,86,2494410,904157,4410.6045588715,491574.6014,3356124.67
2021-08-05,79,2449070,1189937,6119.914411404499,685872.5458,4172761.37
2021-08-06,77,2258244,1164537,5034.594148252,616280.909,3548641.5
2021-08-09,95,3414956,1111492,4957.1216883335,601460.7167999999,4395152.3100000005
2021-08-10,83,2279228,917247,4239.2748507565,512904.316,3327619.03
2021-08-11,98,2931146,1030414,4895.1097664725,577155.1082,4091282.0100000002
2021-08-12,90,2714448,1214022,5912.8834879485,689178.4517999999,4346739.3
2021-08-13,75,2104985,1290984,5540.97074223,653233.271,3707895.0300000003
2021-08-16,82,2266169,954733,4202.3679007025,488558.217,3023352.57
2021-08-17,90,2616537,1042059,5121.185599082501,598684.782,4017105.06
2021-08-18,89,2816874,1023113,4644.045059323,531658.601,3658303.32
2021-08-19,93,3076900,1343995,6558.2094132045,753311.0162000001,4702434.97
2021-08-20,73,2575768,1228909,5646.721784140999,647210.6922,4434324.23
2021-08-21,2,7461,16290,70.6131603225,7802.353,46023.03
2021-08-23,81,1766148,848705,4743.125572236,509123.286,2769232.15
2021-08-24,80,1882300,1047643,5380.2972438815,586495.71,3420297.48
2021-08-25,90,1846062,1083894,5105.7452913925,563616.537,3237723.65
2021-08-26,87,1941860,1465705,6669.050754555,719779.8616,3689573.62
2021-08-27,82,1712466,1534963,7101.7668688445,743551.9276,4097720.58
2021-08-28,1,39662,0,0.0,0.0,0.0
2021-08-30,91,1978666,1173022,5354.509521355,574584.337,3478848.99
2021-08-31,95,1988100,1559804,7731.6655578095,820162.611,4000443.94
2021-09-01,90,1898351,1007965,4913.155137359,555564.6364000001,3088478.73
2021-09-02,101,2050513,1219620,5608.355960499497,646851.425,3185909.54
2021-09-03,101,1913777,1656753,7354.371391561498,866935.6699999999,4016088.64
2021-09-04,2,2428,158847,550.875870241,74020.61,331187.72
2021-09-06,107,2546476,1216083,4768.4048964855,550806.172,3044464.66
2021-09-07,106,2313855,1477794,6543.5499854715,724949.917,4199361.42
2021-09-08,105,2181890,1450527,5554.420976363,621854.5299999999,3532222.52
2021-09-09,105,2343598,1634963,6332.7972096290005,721609.259,3671137.07
2021-09-10,90,1961366,2290103,7970.386820659,949657.574,4692809.5
2021-09-11,2,60225,99435,277.501840761,35848.299,196814.75
2021-09-13,106,2268308,1462498,4556.1147623815,537472.676,2771326.84
2021-09-14,121,2558506,1890800,6140.863189227997,729393.715,4049923.13
2021-09-15,108,2040986,1415488,5109.4201540015,589499.034,5321451.29
2021-09-16,102,2034943,1503776,5982.742032368,751047.247,3963705.69
2021-09-17,75,1345768,1244374,4749.101481936498,594086.925,2629561.74
2021-09-18,2,30448,73144,227.236678674,29160.992,176713.39
2021-09-20,88,1730098,1079896,4096.0031833645,543584.062,2441685.19
2021-09-21,99,2030365,1469534,6007.151803295,873229.118,3651967.5
2021-09-22,111,2139531,1483497,6113.032452753,789169.8005,3809661.3600000003
2021-09-23,109,2271463,1832842,7700.205542931334,1003115.2760000001,4449795.95
2021-09-24,95,1743388,2113192,7820.2144254440045,981078.9535000001,4447985.640000001
2021-09-25,1,33581,0,0.0,0.0,0.0
2021-09-26,1,179166,0,0.0,0.0,0.0
2021-09-27,101,1965270,1470879,5017.583203831402,756780.3523333333,2918822.4699999997
2021-09-28,114,2245393,1712063,7304.993830544997,981714.6404166667,4151952.44
2021-09-29,114,2404797,1626081,6168.467880659805,773239.2314318181,3750860.32
2021-09-30,1,31594,0,0.0,0.0,0.0
2021-10-01,105,1997834,2469001,8456.80897523661,1024461.7751850985,4524960.13
2021-10-02,2,617,249482,651.439426658,78308.3023814433,448102.93
2021-10-04,105,2230304,1511109,4726.3917269315425,600725.7103408962,3059984.77
2021-10-05,110,2311767,2099852,6382.807597486943,782495.7539810867,3636558.4699999997
2021-10-06,128,2626442,1889072,6161.831682679748,766768.0408444627,3554496.77
2021-10-07,126,2578060,2155253,7453.324494157848,934528.8744723264,3986933.92
2021-10-08,109,2414683,2377581,8091.648226590666,1005108.8151161616,4221267.71
2021-10-09,3,34758,228527,705.077990676,94370.605,486208.26
2021-10-11,126,2571588,1572366,4728.722008777888,626241.9386505311,2774994.2
2021-10-12,130,2354312,1937997,5923.897293840215,782464.427809169,3680668.4299999997
2021-10-13,122,2459789,1931322,6000.702871723879,694102.1734674242,3979095.96
2021-10-14,111,2219008,1953550,6807.038257206021,789173.979049495,3506136.95
2021-10-15,105,1738593,2143100,7482.221037364184,807043.096544697,3683331.08
2021-10-16,2,1433,149185,531.141115557,54635.961,249529.46
2021-10-18,113,1854664,1502663,5464.411041961555,559751.0310618686,2912526.9
2021-10-19,113,2178867,2169007,8638.25226055516,889472.8782666667,4010143.93
2021-10-20,127,2211549,1862338,6907.738723571735,756293.8280813132,4056403.54
2021-10-21,117,2367111,1802427,7074.4710009209775,765504.2028780302,3718590.97
2021-10-22,109,2078434,2295006,8151.785395179934,939030.9617934342,4232985.86
2021-10-23,5,35666,344316,1136.148630305,132857.3465,515674.59
2021-10-25,119,2110981,1653687,5298.970438521331,637156.8981388889,3279210.3
2021-10-26,131,2167725,1541276,5124.022709797063,633138.031714899,2989803.42
2021-10-27,131,2408654,1481820,4908.148326855959,575191.7272194444,2716086.21
2021-10-28,135,2454521,2077159,6945.008518745849,751685.218693254,3191613.31
2021-10-29,123,2392548,3005803,9271.086174239606,1013145.2807164142,4106502.85
2021-10-30,2,33661,0,0.0,0.0,0.0
2021-11-02,138,3458370,1993412,6742.7722401442325,702853.4760535352,3441892.3
2021-11-03,139,2653760,1912071,6363.667348694024,690876.0472401516,3442856.01
2021-11-04,143,3003838,1997484,6440.410397483345,764623.3953906567,3882692.72
2021-11-05,132,2736067,3061481,9306.49345359527,1158851.3240809885,5060994.54
2021-11-06,54,982589,753456,1981.920881242866,240128.2631739899,1406718.92
2021-11-08,144,3194682,1889735,5411.876738008974,645420.1108339466,3910662.22
2021-11-09,141,2997215,2646586,9020.542187131325,972071.1068841992,4788828.33
2021-11-10,137,2936898,1990380,6951.019863437405,754898.7660563132,3887742.5700000003
2021-11-11,4,1834,64562,244.250766028,23980.812,98261.72
2021-11-12,102,2164251,2069272,6312.7710325651105,732332.7091113636,3898031.2
2021-11-15,122,2842779,1746791,6010.16203250107,647112.7591523449,4057731.29
2021-11-16,128,2583059,2118405,8541.162851403691,877797.6893143217,4717973.89
2021-11-17,140,2970217,1844293,7098.031745688126,754737.2902259739,4413546.15
2021-11-18,131,2807779,2155806,8600.145276710888,936952.5459023088,4940999.93
2021-11-19,125,2456648,2333575,9121.964825027419,1039138.8662398991,4876515.58
2021-11-20,42,790682,766032,2439.7582584780002,301025.419,1207735.42
2021-11-22,125,2621163,2340575,6563.326079009817,880140.2723303391,3750935.58
2021-11-23,134,2593641,2248575,7295.435420157758,938294.9190098485,3964686.38
2021-11-24,126,2544082,1802604,6186.1307769837,774037.9617952021,3452063.87
2021-11-25,128,2625097,1716017,6393.192080692442,724577.7190272727,3345643.21
2021-11-26,114,2616321,2596191,8582.911347012723,1056298.1218525253,4195083.43
2021-11-27,9,119608,200644,613.816883166257,84410.88130505051,476502.79
2021-11-29,135,2640398,1655839,5403.9749675721705,694470.3023499999,3274720.79
2021-11-30,130,2642146,1890488,7288.251297596571,889895.1917456709,3842164.45
2021-12-01,134,2692275,1619121,6427.812123829005,775777.1038444805,3396742.33
2021-12-02,136,2810709,1853465,7715.600098127668,973156.638491414,3946005.09
2021-12-03,114,2468034,2028298,7884.587839977741,981711.5534608584,3909479.52
2021-12-04,2,618,186159,660.842395575,79560.718,398804.7
2021-12-06,133,2522440,1805784,6436.0053343607515,779773.3861977272,3626153.46
2021-12-07,134,2665278,1712791,7231.1503218718735,848309.7644795451,3562172.9299999997
2021-12-08,133,2584628,1516995,6752.680209486026,725354.9070363634,3319542.91
2021-12-09,124,2308001,1544250,7366.353653813014,771830.3337257575,3623357.24
2021-12-10,102,2008834,1748851,7992.584602933375,835270.4994818183,3958169.77
2021-12-11,2,470,225662,754.199081153,86169.131,461005.66
2021-12-13,140,3028319,1548967,6765.337420385768,726342.8534459596,3642998.1
2021-12-14,142,2616903,1391706,7861.623853092377,765339.2156517676,4649840.3
2021-12-15,136,2586170,1225298,6697.886675816448,709731.4708681818,4072693.8000000003
2021-12-16,132,2451464,1542327,7518.519349270317,854165.8095166666,4402535.12
2021-12-17,104,1795652,1714057,7180.750617891723,856228.0867898989,4016280.86
2021-12-20,127,2838397,1437909,5471.282595353688,676270.9735718975,3352842.95
2021-12-21,137,2642880,1657382,6688.467871261751,779174.2622070707,3832092.19
2021-12-22,132,2672064,1455013,6202.761161488405,755430.3690338384,3623037.26
2021-12-23,126,2416801,1718454,6854.780670049762,858215.7123567461,3966357.25
2021-12-24,113,1741363,1734770,6022.329358916628,820316.6829472223,3629622.91
2021-12-27,124,2617926,1830488,6090.774719381511,844194.5080849207,3897317.79
2021-12-28,120,2533196,2059511,7390.913762646152,1015912.2475221141,3971961.34
2021-12-29,115,2335002,1710683,5961.661085219471,845781.4755252526,3712028.48
2021-12-30,106,2294729,1706214,6556.180828805337,900484.8282815657,3707091.36
2022-01-03,111,2445333,1085936,5022.323967271884,604973.8632386364,3465345.4899999998
2022-01-04,108,2034469,1032325,6091.066938186415,653606.9261465366,4166041.06
2022-01-05,89,1726895,721676,4449.005133453164,457927.8981843431,3219883.44
2022-01-06,85,1561565,896317,5861.320916898458,589464.0092992424,3597859.9099999997
2022-01-07,81,1518855,987244,4959.416604293555,546574.3595568183,3015807.36
2022-01-10,107,2246081,1284325,4851.867113805931,591447.8995313131,3124877.63
2022-01-11,102,2478315,1237129,4889.148436439721,584525.5687411615,3206694.11
2022-01-12,102,2114187,1180605,4910.141568728273,562597.8878368686,3197715.41
2022-01-13,109,2239368,1554568,6592.133632372886,783385.5176515151,4289112.5
2022-01-14,89,1819836,1371114,6226.644782092356,711759.8153977273,3939964.3699999996
2022-08-10,1,17955232,0,0.0,0.0,0.0
2022-08-16,15,24864,1564,5.51044675,606.6279999999999,7714.460000000001
2022-08-17,46,648639,153271,900.8233060616831,87245.83772777778,731227.04
2022-08-18,72,1535976,353781,2687.981897335968,247269.8207404762,2135600.74
2022-08-19,70,1253113,395921,2944.7990606684193,262781.0584848485,2136707.3
2022-08-20,6,67002,593,14.290446261172,975.280590909092,14861.86
2022-08-22,84,1816870,400651,2816.561794138083,264132.83239343436,2249884.8
2022-08-23,86,1772212,479330,3342.1852468867137,294820.100774495,2602527.89
2022-08-24,86,1766058,757085,4175.609929649086,396846.25243423524,3106393.41
2022-08-25,90,1696949,1210975,6902.6339076803615,664798.8380848124,5206023.96
2022-08-26,87,1809566,1075185,6423.399545389223,623375.5954356783,4022202.75
2022-08-27,44,839150,324599,1411.3371716301099,161332.80124823234,1203075.7
2022-08-29,98,2203513,1194593,4838.025141909039,541479.9620108586,3369755.65
2022-08-30,105,2412698,1446125,5724.639029424174,622304.0959709596,3613020.18
2022-08-31,103,2645506,1152800,4241.896357691214,484903.40386728174,3033914.45
2022-09-01,103,2182329,1338855,5133.361503338445,576979.8225866968,3634789.76
2022-09-02,98,2132410,1444574,5046.371740510591,581156.7162545114,3263065.66
2022-09-03,55,1135249,490277,1810.532902551759,215471.63445946082,1425231.97
2022-09-05,112,2948984,1603726,6250.346849956275,683392.7155260202,4681129.890000001
2022-09-06,110,2536274,1349788,6152.787708885805,650138.4066462644,4640866.029999999
2022-09-07,117,2578248,1160560,5260.641156377827,572522.1634054566,3944873.67
2022-09-08,123,2789033,1622001,7391.612817618993,809354.7146893856,5007983.51
2022-09-09,117,2697877,1769172,7224.253144876413,828525.9683170574,4916182.98
2022-09-10,59,1145732,403345,1725.768662303141,194184.65076973653,1653486.44
2022-09-12,118,2605866,1519963,6698.56733225918,716035.5766824839,5810561.04
2022-09-13,124,3144026,1418763,6834.326454291907,699938.7540736478,5823884.48
2022-09-14,119,3213480,1310831,6595.042180053571,652203.4116046189,5672027.5
2022-09-15,120,2666285,1378022,7404.9865333678,692082.4994136365,5371628.96
2022-09-16,107,2301377,1567665,6944.4483369807485,690239.5609525254,4913161.33
2022-09-17,8,155271,69211,259.62758089843203,26593.012623232335,266688.02
2022-09-19,115,2672418,1281364,4594.373730055966,496119.8684878789,3289444.59
2022-09-20,113,2403952,1315594,4617.743907993445,515825.035415404,3766869.1
2022-09-21,117,2343975,1392918,4885.7586628725,533656.2365988835,3861600.85
2022-09-22,123,2530398,1641334,5824.472283747088,626013.0291108586,4185375.32
2022-09-23,99,2075660,2016268,6391.760591792814,716262.9378860847,4422341.12
2022-09-24,1,795,41282,126.575791464,14610.258,67673.44
2022-09-26,106,2625590,1197287,4285.444942904614,478421.62547485577,2812543.85
2022-09-27,116,2310970,1251171,4512.567810511482,476769.301096195,3286661.01
2022-09-28,111,2147913,1417298,5248.200225365492,534155.944216175,3935834.27
2022-09-29,122,2305728,1626616,6147.995954595121,651132.306114785,4698307.13
2022-10-01,31,621376,429131,1312.456521185,147503.52384210526,929477.58
2022-10-03,115,2834680,1680447,5991.316009277818,645078.4424209747,4526672.27
2022-10-04,117,2454974,1974897,7355.489147367294,760546.2870523582,4993479.67
2022-10-05,117,2341719,1383174,5313.181312196138,574821.1600211314,3745603.14
2022-10-06,119,2414705,2100696,7580.287086491727,853644.5010408199,4756871.07
2022-10-07,110,2306308,1714823,5564.912622590564,653963.0602768237,3119876.6
2022-10-08,34,559815,410535,1130.0447548440002,139957.53984210527,720097.78
2022-10-10,114,2712754,2474339,6533.492855643795,771288.6224839656,3405418.48
2022-10-11,124,2552054,2331699,6043.140035634797,723519.2716287954,3139240.25
2022-10-12,126,2345207,1999948,5725.8273611133645,607389.2867270971,3332265.01
2022-10-13,118,2452360,2035594,6522.857837013506,661461.0180738932,3722908.07
2022-10-14,117,3006732,2219950,7329.96183020825,714827.5794472203,4209744.01
2022-10-15,40,683595,801856,2359.5272686465,240454.66821052632,1308755.1400000001
2022-10-17,117,2430151,1921117,5811.962663368336,585015.4902428315,3896825.95
2022-10-18,131,2658623,2201162,6655.087474409136,689199.0187735552,4434802.79
2022-10-19,129,2511681,2039424,5827.615579065831,627617.3216916239,4396468.66
2022-10-20,124,2541082,2584624,7068.023491098026,781566.5814124772,4547966.65
2022-10-21,111,2130461,2689475,7362.971774377269,796361.7738501197,4593138.140000001
2022-10-24,118,2500386,1695137,5001.783606998327,532652.1867289683,3854473.67
2022-10-25,117,2411540,2132910,6400.182458798097,716469.50235956,4623471.1
2022-10-26,117,2450318,1652006,5086.260379161874,602751.7936154942,4781763.42
2022-10-27,119,2361336,1662728,5113.236538921843,623887.032409655,4540492.04
2022-10-28,102,2019875,2006382,5868.690238737983,727670.515577581,4814449.93
2022-10-31,88,1855031,1446563,4384.61612925935,543363.19384309,3792800.58
2022-11-02,111,2264570,1640017,4730.415346623726,596253.3206463269,3802485.34
2022-11-03,127,2681393,1591964,5432.602302862122,671151.2184366145,5011399.25
2022-11-04,116,2376318,2320960,7185.984016800801,917021.9085554883,5522657.7
2022-11-07,113,2381113,1597563,5085.659025914863,620361.536139012,4624944.94
2022-11-08,115,2431978,1647409,5287.719169248784,658973.354326189,4937020.36
2022-11-09,53,949904,890647,2822.172240204708,368638.625490576,2323903.73
2022-11-10,105,2278598,1478896,4527.5935200719805,614036.3074135988,3911506.07
2022-11-14,121,3272069,1658380,4633.139952483425,647008.0784130826,4226008.46
2022-11-15,137,2951189,2071719,6941.325954302533,856354.6504712775,5590716.75
2022-11-16,130,3628515,1893677,6087.94646763985,769366.382630951,5098334.97
2022-11-17,132,2911377,2008368,6567.257507496756,820056.7048645215,5186228.03
2022-11-18,114,2342916,2479549,7300.177570724832,938297.3644784407,5169762.8
2022-11-21,116,2705890,1833762,5821.993683443269,709158.8266210575,4710906.85
2022-11-22,103,2104587,1325653,4193.902665240743,518256.5376192706,3444208.77
2022-11-23,99,1991349,1257213,3679.358484543212,493862.28432583524,3221451.8899999997
2022-11-24,112,2224708,1631050,4878.342142648823,682556.9345982751,4393348.819999999
2022-11-25,85,1730352,1779353,4665.0507696547,691238.5451716334,3847940.36
2022-11-28,112,2690374,1536098,4430.607626486871,638540.2806765779,4175586.2700000005
2022-11-29,115,2541278,1409107,4476.25047449244,600141.7268239943,4176383.3500000006
2022-11-30,97,2180110,1054763,3446.3379104622372,458410.2925548998,3015270.86
2022-12-01,99,1984971,945800,3117.46989355079,421403.14253574464,2581980.2399999998
2022-12-02,90,1850387,1790665,5230.281761494253,744839.1394509901,3353023.9000000004
2022-12-05,97,2136175,975306,2989.164998001055,398973.2581534993,2213602.17
2022-12-06,100,2062662,965817,3089.666663619073,405173.7908597403,2611113.17
2022-12-07,100,2251745,1971123,5971.452749002837,803695.0589820707,4331734.47
2022-12-08,98,1994313,1519393,4482.238699658509,623958.7067464647,3375953.86
2022-12-09,85,1724767,1826347,4894.699715474997,708521.7422317821,3525327.61
2022-12-12,90,2060686,1267922,3408.577192837496,487137.7250555385,2407606.19
2022-12-13,94,2028477,1172696,3737.226350709017,516565.6637618885,2880056.1
2022-12-14,90,2117237,1168918,3844.206554637045,513633.68905584374,2954423.5999999996
2022-12-15,96,2090354,1373760,4546.883764926273,607437.7334914225,3658870.25
2022-12-16,37,1506273,1109741,3254.6184935883,448317.88715537166,2065637.6400000001
2022-12-19,95,1921887,1051065,2939.798427664896,409967.06519544614,2271118.42
2022-12-20,101,2458293,1374557,4284.925734984354,590339.2376203089,3253785.38
2022-12-21,95,1982115,1210526,3782.6945452200807,524454.4661491613,2719686.52
2022-12-22,102,1925822,1344308,5141.829094533162,657147.0680274246,3181682.1100000003
2022-12-23,90,2077866,1786764,5884.206337089058,784787.2404844037,3874175.5
2022-12-24,22,357753,160398,559.9855151175,72971.97823728094,449336.48
2022-12-26,91,1871803,1250593,4066.7984376142167,543614.0221039765,2711007.45
2022-12-27,96,2144452,1654966,4876.048783908269,684622.5237954726,3473403.63
2022-12-28,82,1817486,1220936,3393.807052217907,471894.0057331024,2527867.51
2022-12-29,80,1635002,1169421,3554.23897303766,479105.8522999536,2606436.41
2022-12-30,74,1402971,1293552,3443.328965998191,499335.05612397485,2473912.06
2023-01-02,78,1898116,1012598,2922.878190862224,387172.1313630367,2253015.68
2023-01-03,83,1648434,999691,3005.426964145041,400777.78546758177,2596833.75
2023-01-04,73,1521210,801130,2691.768607342866,325506.313205441,2177107.89
2023-01-05,68,1225962,946408,2809.015739578164,383232.0881255491,4937029.38
2023-01-06,58,1488580,843752,2363.6504045209613,326647.2544622093,1736815.76
2023-01-09,64,1248294,763182,2801.284013392011,333010.2555047999,2099264.9
2023-01-10,68,1118051,482862,2217.834234166662,242675.8700500599,1700881.44
2023-01-11,70,1126810,463594,2289.046088223349,238650.39517205264,1784856.37
2023-01-12,68,1117710,531174,2625.6969222382777,281522.8114941794,2151776.21
2023-01-13,63,1082831,761441,2977.080266894138,350133.2617451455,2374307.81
2023-01-16,83,1776192,675666,3183.370521366213,339677.12467582145,3840612.0
2023-01-17,81,1634661,815483,4233.635152338606,435972.0628091093,3618820.62
2023-01-18,81,1477739,733990,4567.244127948118,399497.6544962205,3543006.09
2023-01-19,73,1146876,641751,3905.9007105388073,362754.8983930387,2786197.28
2023-01-20,55,934538,738463,4331.47842411411,394107.82534179563,2926045.91
2023-01-23,58,1195039,533414,3101.79208812732,289251.20620883605,2245380.21
2023-01-24,61,1084678,459081,2800.204122200757,256516.08744780498,2403246.48
2023-01-25,60,1137930,496405,2632.634682205629,250497.18808629236,2166559.25
2023-01-26,80,1614168,832542,3871.4346584115438,397027.1801198704,2864508.91
2023-01-27,61,1102695,698878,3301.2386755337,338568.94799405045,2490006.46
2023-01-30,74,1670482,592093,3449.3666269904506,332437.57925016567,2429033.54
2023-01-31,52,981549,491134,2961.800380410627,287116.8815685489,2112749.67
2023-02-01,74,1324089,534675,3098.1446822618686,324815.95018233266,2284654.14
2023-02-02,50,1444144,428659,2407.0935817406307,248948.85744519054,1708549.05
2023-02-03,55,1117734,660559,3698.413626150403,370764.0154242661,2349518.38
2023-02-06,74,1613518,699883,3890.067931660337,384644.45516955643,2525088.66
2023-02-07,71,1229264,694877,3982.8474113336392,390669.74115463847,2343242.4899999998
2023-02-08,72,1402384,602833,3959.776066770407,358705.1413788012,2374995.93
2023-02-09,76,1615128,797525,5698.011363687965,501441.83907866443,2928854.69
2023-02-10,33,646451,563408,3900.895729688502,347535.30749909626,1864557.68
2023-02-13,78,1476641,638085,4510.711880130219,377209.5303787879,2878832.47
2023-02-14,79,1462322,581359,3998.350485626069,353375.8064479168,3496076.2
2023-02-15,84,1937344,751482,5303.308567238629,430520.1191890172,3485511.27
2023-02-16,87,1757031,959581,6443.113960680308,549513.353887215,4611084.27
2023-02-17,71,1415047,1323971,7947.2578201603565,705094.273481241,4916405.1899999995
2023-02-20,88,1744403,832310,5256.082972353124,459375.5060717532,3740039.58
2023-02-21,85,1787731,789720,6351.472011968084,517570.46832499997,4081340.5700000003
2023-02-22,81,1587857,734264,5150.244786224677,453498.6028055555,6422550.99
2023-02-23,77,1528159,803112,5051.529212235458,473176.84697828285,4032233.27
2023-02-24,61,1177266,849830,4842.033454633546,495401.62841969694,3289038.0700000003
2023-02-27,78,1814740,598982,4350.352924831508,403467.29140046897,3123582.62
2023-02-28,77,1794647,670202,4820.728861105247,452923.25625083357,3461474.66
2023-03-01,88,1699661,705119,4935.518631036854,484671.4144166306,3272948.01
2023-03-02,72,1415714,769983,5612.49693939013,517368.780316847,3318809.13
2023-03-03,66,1187482,642518,4499.794733308609,406284.3353170996,2736146.27
2023-03-06,71,1427623,674503,5165.237623619963,430549.17250981246,2696857.27
2023-03-07,63,1170581,462637,3358.904165461401,287500.1906421356,1853411.79
2023-03-08,78,1917093,728133,4940.513520858366,430346.07779949484,2833820.83
2023-03-09,82,1506858,915854,5436.323498658129,546605.464296872,3425229.0
2023-03-10,63,1153725,847341,4839.05977491027,482226.83569969016,2833361.63
2023-03-13,73,1590434,720321,4408.6181934133565,429587.3151309842,2906215.21
2023-03-14,68,1349727,694779,4468.747144071622,402925.90897108056,2531910.94
2023-03-15,85,1661903,700927,4066.098431083907,380755.30279603176,2259933.95
2023-03-16,75,1426462,941058,5097.505682119081,499575.5118149584,2645644.98
2023-03-17,67,1294804,1344904,6909.354826548806,690901.3976903558,3498959.35
2023-03-20,82,1935518,979264,4956.437265068423,500132.17738594406,2861856.7800000003
2023-03-21,87,1839246,955189,5308.598467322871,518218.74643951934,3026179.04
2023-03-22,86,1631997,687960,4326.021962143396,417523.25807556545,2762894.88
2023-03-23,77,1562705,834514,5334.8190488192595,516411.51528258243,3209218.6
2023-03-24,45,643824,638874,4045.8270245769104,407464.2336994342,2615919.24
2023-03-27,59,982306,403468,3533.2521238866193,322422.9188078772,2387407.19
2023-03-28,65,1169880,414033,2933.99717107542,295576.90322828083,2230676.96
2023-03-29,88,1794094,771960,4786.579516203685,490070.68584812456,3436883.54
2023-03-30,94,1974554,862282,5437.865396637902,534810.7390190241,3608063.54
2023-04-03,86,2056112,936828,5232.0168115859815,517797.79908190464,3543054.3499999996
2023-04-04,92,1812646,927699,5133.474144708564,513284.537303717,3801704.0700000003
2023-04-05,83,1631124,739809,4258.395353826161,445819.36980991455,3057195.56
2023-04-06,84,1523821,756281,4223.916273288725,447049.6160209408,2899904.66
2023-04-07,78,1979699,989930,5262.349693970105,557783.20863693,4012227.58
2023-04-11,78,1497549,634941,4029.3254030208577,413591.846463475,3125374.21
2023-04-12,81,1575238,680917,4330.251045241874,437737.2405547345,3271196.01
2023-04-13,74,1471610,745571,4277.612123206012,435274.70970052574,2941495.45
2023-04-14,68,1232105,892375,4751.313537501067,506398.48134753644,3296430.83
2023-04-15,1,606896,0,0.0,0.0,0.0
2023-04-17,90,2128930,834402,4561.207180428035,486545.3523549586,3384875.3
2023-04-18,78,1533817,689205,4227.108753976904,435063.08897999744,2919184.5900000003
2023-04-19,77,1591179,573830,4043.698564597807,378725.74097697565,2994134.88
2023-04-20,81,1683096,803459,5254.1804023836885,508068.0024157754,3385745.76
2023-04-21,69,1269227,1229039,7938.918521638046,745382.8250263496,4074100.06
2023-04-24,83,2135093,725570,4774.913150631791,464229.7242114458,2987334.7
2023-04-25,87,1654829,663483,4611.742819112269,444778.5158497695,2543174.95
2023-04-26,89,1786066,898954,7061.301929013572,650032.9881151493,4151847.4099999997
2023-04-27,89,1706439,771660,5590.78028870954,534477.8890743682,3377263.34
2023-04-28,89,1810797,1148474,7780.834546291834,784988.8071341614,4412468.29
2023-04-29,1,41479,30422,239.80593031,23403.67,105090.8
2023-05-02,97,2194689,770743,5772.236685718665,573268.5780647706,14239214.56
2023-05-03,107,2178143,849483,5777.815964120762,559022.5375960853,16437263.86
2023-05-04,106,1974723,999754,6476.011061999072,615146.4254063417,16125837.48
2023-05-05,92,1901291,1209725,7326.4656133115,738820.4834586927,7649973.85
2023-05-08,101,2387607,872513,5208.466476859814,549537.9166079751,3602867.0700000003
2023-05-09,95,1804439,931477,5306.592654951563,565376.7905995008,3772905.34
2023-05-10,94,1846482,809888,5098.002677858054,523951.5185786435,3512284.75
2023-05-11,95,1911116,809734,5092.292342672012,532459.7886437406,2949396.17
2023-05-12,86,1674096,1100101,6593.460723558291,694957.809917388,4090263.63
2023-05-13,2,764,60992,306.491619028,36092.86,163687.08
2023-05-15,87,2455986,792900,4553.370204053026,493154.44132103,2847339.38
2023-05-16,88,1726954,762724,4952.280389506466,486732.38306536793,3369920.1799999997
2023-05-17,94,1643700,772854,4918.164051205533,513092.06702485564,3336080.74
2023-05-19,71,1309004,634487,3906.639812980323,392955.30973751796,2791008.38
2023-05-22,82,2556471,621047,3785.756448137081,370848.57461753517,2573208.58
2023-05-23,88,1615007,522449,4690.810691992975,405500.0901959401,4543265.47
2023-05-24,93,1907056,572643,4522.675200528243,413903.4984117687,3073371.34
2023-05-25,92,1759016,747518,5811.979534849814,537494.6939306664,4656759.45
2023-05-26,84,1618323,791884,5774.921680476387,529099.438205844,3092146.3
2023-05-30,84,2070191,1032465,7303.770236395469,731933.1822724823,3753339.55
2023-05-31,90,1754025,525301,5598.373741040892,502063.57653908804,3515792.62
2023-06-01,93,1941086,565472,5265.1344586112,475093.9502736925,3213316.38
2023-06-02,84,1688014,837265,7299.77638361755,719945.0224935306,4905167.05
2023-06-05,97,2158609,734270,5771.731494037198,585757.1855781025,3984727.0300000003
2023-06-06,108,2206246,698658,5896.438549767208,611938.749226257,3567982.09
2023-06-07,99,2138692,824003,6480.404808078461,665623.5895979797,4352542.35
2023-06-08,99,2061746,722704,5388.686996154415,554921.2244159034,3397111.2199999997
2023-06-09,91,1897470,965685,6682.992555781423,711201.8352731962,4355678.390000001
2023-06-10,11,198969,2373,79.04877396232,5251.023940656564,81890.92
2023-06-12,96,2007710,615639,4759.636982593957,453322.97101479076,3177219.6199999996
2023-06-13,84,1706451,481532,4248.061308867506,377007.8839559523,2783501.19
2023-06-14,93,1797904,549794,5097.298374092259,433082.0794508296,3011568.91
2023-06-15,90,1597426,519366,5031.223377690655,393432.62389393937,2829005.38
2023-06-16,72,1282675,768584,6333.7388888451205,569205.2976868687,3475367.48
2023-06-19,91,1683520,554107,4748.542394263285,412418.8309583332,30095609.6
2023-06-20,91,1760754,684459,5236.043215368508,463077.43626392493,3003103.8
2023-06-21,83,1525859,645853,5285.883688624541,460206.51336533186,3400715.2800000003
2023-06-22,96,1832562,746391,5428.848873567721,501434.847884163,3817485.6
2023-06-23,78,1552663,942411,5971.944148476973,602592.0094316378,4490206.59
2023-06-26,78,1755645,545713,4290.948421217364,397283.61748232326,3526074.02
2023-06-27,83,1461530,567711,4050.792543490894,418808.266925505,3277183.25
2023-06-28,71,1831552,525698,3816.6671839152978,363026.6388739177,3119800.2199999997
2023-06-29,84,1395083,657474,4130.51323292704,485868.6391136364,3507700.95
2023-07-03,79,833449,254866,1788.013019120452,170291.78941161616,1248020.1
2023-07-04,80,1020230,317041,2299.144381836753,236938.37658459594,1661107.42
2023-07-05,78,898661,336246,2133.191633657028,233262.07814935065,1773195.1800000002
2023-07-06,76,838718,430757,2179.159386825842,253058.0326919192,1979312.94
2023-07-07,70,664364,405728,2080.131073378124,240752.7747207792,1593687.3900000001
2023-07-10,80,1129524,383637,2278.041623633263,254536.1689573232,1856234.05
2023-07-11,82,1134578,401274,2569.254342857241,276790.72600454534,2082251.37
2023-07-12,82,992222,402658,2542.945854711994,258395.15723838378,1920270.4500000002
2023-07-13,79,872756,504341,3290.871472638638,319621.99849466083,2177361.09
2023-07-14,47,544651,245187,1630.485399229793,153899.44964956713,1026262.03
2023-07-17,76,809239,251549,1763.7829939443359,156260.42388713037,1304491.49
2023-07-18,86,1117053,337831,2238.720948947468,218351.95905059992,1584338.8900000001
2023-07-19,86,1212257,481958,2659.545136461926,267667.24050332996,1608549.03
2023-07-20,84,1212211,714899,4011.154671157444,390577.0041605339,2320163.48
2023-07-24,87,884921,370076,2141.008874397271,199656.65939898987,1249889.1
2023-07-25,91,1514598,451953,2578.468187988438,229879.13369318168,1522606.88
2023-07-26,91,1162448,486360,2893.3413351341233,261004.87865918805,1863667.8399999999
2023-07-27,87,1170973,605727,2792.780496307348,292297.1357613442,2110447.1799999997
2023-07-28,83,1233137,576093,2812.434586432114,292375.9514292929,1963868.27
2023-07-31,86,921154,459982,2333.1530428475844,243449.69301355656,1628547.93
2023-08-01,89,1113215,442308,2330.1547001342597,246968.59504209954,1597677.95
2023-08-02,85,1103799,483450,2462.5660835175113,254631.40710590107,1985767.51
2023-08-03,87,1073300,483886,2476.009291634321,261828.75788080803,1885071.72
2023-08-04,84,961447,552815,2513.5286820471592,273614.4467332934,1998702.01
2023-08-07,74,1371141,384202,1787.3186631625758,203920.77600732318,1624650.42
2023-08-08,76,977579,392372,2266.449134299677,216189.3373827561,1951381.42
2023-08-09,64,753463,368459,2019.253967281048,198312.65189267672,1517728.8399999999
2023-08-10,48,466652,313327,1586.1288753864328,160813.11085151508,1031009.3400000001
2023-08-11,49,560227,418557,1907.941222304651,198678.53785050503,1100941.43
2023-08-14,18,441602,14343,372.126309358682,18784.607575613245,268289.54
2023-08-16,74,1368419,412307,2173.182987741356,207837.59116666668,1295462.48
2023-08-17,79,1057736,493631,2492.265043506708,248823.38567702018,1608141.71
2023-08-18,76,868794,527667,2706.635793754329,284377.70011464634,1710717.9500000002
2023-08-21,81,1247115,443905,2437.307547318145,251479.37469141404,1995174.1400000001
2023-08-22,91,1073066,436753,2681.98442883736,248931.68567453098,1908177.69
2023-08-23,70,961466,400394,2063.351164647111,218310.7232083333,1318812.71
2023-08-24,74,1108381,401723,1854.6631359788562,211680.99083434336,1274102.42
2023-08-25,60,642270,491352,2230.7819778060893,258053.18413585855,1458657.24
2023-08-28,77,877605,333043,1848.375409863256,179268.71325909087,1243166.3
2023-08-29,80,876346,363056,2012.466459696204,198956.09517698406,1440799.33
2023-08-30,76,939992,435987,2305.801627846552,223148.81225541126,1400509.45
2023-08-31,79,1072485,517141,2704.715109506444,268080.49375028856,1567391.69
2023-09-01,66,818886,545964,2993.964007123448,282920.4661494949,1596570.18
2023-09-02,4,42183,10695,45.422096561333,4334.924777777777,22015.06
2023-09-04,77,954562,451359,2439.4183447587493,233058.12702146458,1388424.77
2023-09-05,85,1011177,383139,2097.935562586912,210534.6217460317,1306352.72
2023-09-06,80,1034343,473315,2462.1552116029097,254607.40428210673,1725019.94
2023-09-07,82,1188909,421352,2160.213542278466,229933.40573246748,1363773.58
2023-09-08,70,924883,580234,2668.884062251973,302538.47644696967,1801629.0899999999
2023-09-11,95,1207291,482754,2280.230706005224,243898.52609350643,1357233.3599999999
2023-09-12,94,911369,363963,1766.1610052513388,188064.34459458868,1203109.88
2023-09-13,86,848544,508687,2173.93526838395,241083.21835101006,1291887.1
2023-09-14,97,1053873,569033,2622.657321524237,286224.6697691197,1628353.56
2023-09-15,90,958335,756162,3032.296705205882,334463.72649545455,1830037.3399999999
2023-09-18,108,1313324,647579,2599.1466111616182,278482.9250699495,1493982.84
2023-09-19,102,1300838,803892,2586.829657904771,309382.01134343434,1668599.77
2023-09-20,109,1558018,1000251,3192.500820569611,371566.74322348484,2155403.6
2023-09-21,95,1281051,934882,3266.716638540238,367073.75523268397,2052160.7200000002
2023-09-22,96,1229651,1557939,4883.0772956243545,555607.7907560607,2932614.2199999997
2023-09-23,1,227385,0,0.0,0.0,0.0
2023-09-25,101,1171721,854092,2678.434373467519,292547.19145638525,1875797.6099999999
2023-09-26,110,1249771,1016887,3483.392238635285,371822.5475893578,2318629.6
2023-09-27,104,1257222,939123,2998.222001839566,300263.1984918831,1850064.42
2023-09-28,109,1339688,1224169,3863.465092709896,384720.60618055554,2390796.27
2023-09-29,107,1381580,1109442,3556.001515825311,377380.16256186867,2196789.75
