DATE,LOCUS,WOANBL
2018-07-01,NL,35241
2018-07-02,NL,17837
2018-07-02,TL,7
2018-07-03,NL,30344
2018-07-04,NL,27013
2018-07-04,NWDSP,16
2018-07-04,NWECO,215
2018-07-05,NL,21802
2018-07-06,NL,668
2018-07-06,PHSLD,0
2018-07-06,TL,13
2018-07-08,NL,24445
2018-07-09,ARWEB,137
2018-07-09,NL,24533
2018-07-09,NWDSP,34
2018-07-09,NWECO,431
2018-07-09,NWKL,1142
2018-07-10,NL,22106
2018-07-11,NL,20528
2018-07-11,NWDSP,14
2018-07-11,NWECO,172
2018-07-11,NWKL,2306
2018-07-12,NL,27919
2018-07-12,TL,3
2018-07-13,NL,2
2018-07-13,TL,1
2018-07-15,NL,26827
2018-07-16,NL,21828
2018-07-16,NWKL,2725
2018-07-16,TL,4
2018-07-17,NL,26317
2018-07-17,NWECO,213
2018-07-18,NL,29974
2018-07-19,NL,15853
2018-07-19,TL,6
2018-07-20,EXT,1
2018-07-20,NL,11
2018-07-20,TL,2
2018-07-22,NL,24884
2018-07-23,NL,14328
2018-07-23,PHKER,80050
2018-07-24,NL,26235
2018-07-24,NWDSP,16
2018-07-24,NWKL,71
2018-07-24,PHKER,46872
2018-07-25,NL,39851
2018-07-25,PHKER,28491
2018-07-25,TL,4
2018-07-26,ARWEB,2
2018-07-26,NL,26121
2018-07-27,ARWEB,173
2018-07-27,NL,2
2018-07-27,TL,4
2018-07-29,NL,48306
2018-07-30,NL,62893
2018-07-30,NLECO,1
2018-07-30,NWKL,1444
2018-07-31,NL,38311
2018-07-31,NLECO,43
2018-07-31,NWDSP,19
2018-07-31,NWECO,1
2018-08-01,NL,25289
2018-08-01,NLECO,19
2018-08-01,NWDSP,69
2018-08-01,NWECO,425
2018-08-01,NWKL,10944
2018-08-01,TL,3
2018-08-02,NL,27143
2018-08-02,NLECO,19
2018-08-03,NL,0
2018-08-03,NLECO,1
2018-08-03,NWDSP,3
2018-08-05,NL,36255
2018-08-06,NL,40558
2018-08-06,NLECO,33
2018-08-06,NWDSP,9
2018-08-06,NWECO,635
2018-08-06,NWKL,6901
2018-08-06,TL,12
2018-08-07,NL,26678
2018-08-07,NLECO,64
2018-08-07,NWDSP,25
2018-08-07,NWECO,127
2018-08-07,NWKL,5672
2018-08-08,NL,38022
2018-08-08,NLECO,3
2018-08-08,NWDSP,1
2018-08-08,NWKL,3
2018-08-09,NL,22023
2018-08-09,NLECO,64
2018-08-09,NWDSP,3
2018-08-10,NL,381
2018-08-10,NLECO,8
2018-08-10,TL,12
2018-08-12,NL,28071
2018-08-13,NL,29809
2018-08-13,NLECO,57
2018-08-13,NWDSP,49
2018-08-13,TL,16
2018-08-14,NL,1
2018-08-14,NLECO,28
2018-08-15,NL,28992
2018-08-16,NL,21576
2018-08-16,NWDSP,123
2018-08-16,NWECO,1045
2018-08-16,TL,6
2018-08-17,NL,8
2018-08-17,NLECO,12
2018-08-17,NWECO,607
2018-08-17,NWKL,1011
2018-08-17,TL,8
2018-08-19,NL,32996
2018-08-20,ARWEB,115
2018-08-20,NL,23907
2018-08-20,NLECO,24
2018-08-20,NWKL,1
2018-08-21,ARWEB,1
2018-08-21,NL,23908
2018-08-21,NWECO,19
2018-08-21,NWKL,685
2018-08-22,NL,25480
2018-08-22,TL,1
2018-08-23,EXT,1
2018-08-23,NL,22417
2018-08-23,PHKER,227
2018-08-24,ARWEB,1
2018-08-24,EXT,0
2018-08-24,NL,388
2018-08-24,NLECO,13
2018-08-24,PHKER,372
2018-08-24,TL,3
2018-08-26,NL,26628
2018-08-27,ARWEB,4
2018-08-27,NL,17722
2018-08-27,NLECO,17
2018-08-27,NWKL,1292
2018-08-27,TL,2
2018-08-28,NL,30106
2018-08-28,PHKER,279
2018-08-28,TL,6
2018-08-29,ARWEB,1
2018-08-29,NL,23903
2018-08-29,NWKL,11998
2018-08-30,ARWEB,2
2018-08-30,NL,25333
2018-08-30,PHKER,198
2018-08-31,NL,107
2018-09-02,NL,29967
2018-09-03,ARWEB,1
2018-09-03,NL,24237
2018-09-03,NLECO,24
2018-09-03,NWDSP,34
2018-09-03,NWECO,421
2018-09-03,NWKL,17516
2018-09-03,PHKER,310
2018-09-04,NL,26210
2018-09-05,ARWEB,4
2018-09-05,NL,27975
2018-09-05,NWKL,2685
2018-09-05,TL,24
2018-09-06,NL,23819
2018-09-06,NLECO,115
2018-09-07,ARWEB,167
2018-09-07,NL,1187
2018-09-07,NWKL,1116
2018-09-07,PHKER,183
2018-09-07,TL,2
2018-09-09,NL,32459
2018-09-10,NL,25757
2018-09-10,NLECO,91
2018-09-10,NWDSP,7
2018-09-10,NWKL,478
2018-09-11,ARWEB,3
2018-09-11,NL,31981
2018-09-11,NWKL,2640
2018-09-11,PHKER,1047
2018-09-12,ARWEB,1
2018-09-12,NL,43704
2018-09-12,PHKER,581
2018-09-13,ARWEB,3
2018-09-13,EXT,1
2018-09-13,NL,32587
2018-09-13,NWKL,560
2018-09-13,PHKER,4409
2018-09-13,TL,5
2018-09-14,NL,12324
2018-09-14,NWDSP,1
2018-09-14,PHKER,99
2018-09-16,NL,36017
2018-09-17,NL,24751
2018-09-17,PHKER,861
2018-09-18,NL,26403
2018-09-18,PHKER,499
2018-09-18,TL,7
2018-09-19,NL,19090
2018-09-19,PHKER,308
2018-09-20,ARWEB,1
2018-09-20,NL,7983
2018-09-20,NLECO,23
2018-09-20,NWDSP,44
2018-09-20,PHKER,5
2018-09-20,VRET,243
2018-09-21,ARWEB,1
2018-09-21,NL,2812
2018-09-21,NWDSP,68
2018-09-21,NWECO,991
2018-09-21,NWKL,14571
2018-09-23,NL,22345
2018-09-24,NL,19243
2018-09-24,PHKER,828
2018-09-24,TL,3
2018-09-25,ARWEB,2
2018-09-25,NL,24236
2018-09-25,NWDSP,5
2018-09-26,NL,40902
2018-09-26,NLECO,42
2018-09-26,PHKER,2471
2018-09-26,TL,40
2018-09-27,NL,30065
2018-09-27,NLECO,49
2018-09-27,PHKER,1423
2018-09-27,TL,2
2018-09-27,VRET,24
2018-09-28,ARWEB,3
2018-09-28,NL,45
2018-09-28,PHKER,817
2018-09-29,NL,1
2018-09-30,NL,36403
2018-10-01,ARWEB,74
2018-10-01,NL,25852
2018-10-01,NWDSP,18
2018-10-01,NWECO,225
2018-10-01,NWKL,10512
2018-10-01,TL,19
2018-10-02,ARWEB,0
2018-10-02,EXT,3
2018-10-02,NL,27450
2018-10-02,NLECO,120
2018-10-02,NWKL,2503
2018-10-02,TL,3
2018-10-03,NL,32143
2018-10-03,NWDSP,23
2018-10-03,NWECO,398
2018-10-03,NWKL,411
2018-10-03,TL,3
2018-10-04,NL,26477
2018-10-04,NWDSP,6
2018-10-04,PHKER,2742
2018-10-05,EXT,1
2018-10-05,NL,10521
2018-10-05,NLECO,0
2018-10-05,PHKER,240
2018-10-05,TL,21
2018-10-07,NL,36958
2018-10-08,NL,40293
2018-10-08,NLECO,134
2018-10-09,NL,50119
2018-10-09,NLECO,133
2018-10-09,NWDSP,7
2018-10-09,NWECO,41
2018-10-09,NWKL,3516
2018-10-10,NL,59151
2018-10-10,NLECO,14
2018-10-10,NWDSP,1
2018-10-10,PHKER,849
2018-10-11,NL,34565
2018-10-11,NLECO,201
2018-10-11,NWKL,2348
2018-10-11,PHKER,1243
2018-10-12,NL,26
2018-10-12,NLECO,191
2018-10-12,PHKER,1721
2018-10-12,TL,5
2018-10-13,NL,4402
2018-10-14,NL,74314
2018-10-15,NL,47294
2018-10-15,NLECO,77
2018-10-15,NWKL,752
2018-10-15,PHKER,1348
2018-10-16,EXT,1
2018-10-16,NL,65108
2018-10-16,NLECO,437
2018-10-17,NL,36760
2018-10-17,NLECO,1
2018-10-17,PHKER,14
2018-10-18,ARWEB,2
2018-10-18,NL,28641
2018-10-18,NLECO,19
2018-10-19,ARWEB,1
2018-10-19,NL,53
2018-10-19,NLECO,14
2018-10-19,TL,2
2018-10-20,NL,5629
2018-10-21,NL,42405
2018-10-22,ARWEB,27
2018-10-22,NL,57817
2018-10-22,NLECO,2
2018-10-22,NWDSP,7
2018-10-22,NWECO,28
2018-10-22,NWKL,921
2018-10-23,NL,61168
2018-10-23,NLECO,21
2018-10-23,NWDSP,13
2018-10-23,NWECO,78
2018-10-23,NWKL,1346
2018-10-24,ARWEB,13
2018-10-24,NL,21201
2018-10-24,NLECO,2
2018-10-24,NWDSP,5
2018-10-24,NWECO,1
2018-10-24,NWKL,1838
2018-10-24,TL,13
2018-10-25,ARWEB,2
2018-10-25,NL,16614
2018-10-25,NWDSP,27
2018-10-25,NWECO,224
2018-10-25,NWKL,2150
2018-10-25,TL,26
2018-10-26,ARWEB,2
2018-10-26,NL,7
2018-10-26,PHKER,630
2018-10-26,TL,12
2018-10-27,NL,13696
2018-10-28,NL,32265
2018-10-29,NL,32652
2018-10-29,NLECO,1
2018-10-29,NWECO,26
2018-10-29,NWKL,3099
2018-10-30,ARWEB,2
2018-10-30,NL,2087
2018-10-30,NWKL,650
2018-10-30,TL,1
2018-10-31,ARWEB,11
2018-10-31,NL,43587
2018-11-01,NL,30713
2018-11-02,ARWEB,7
2018-11-02,EXT,1
2018-11-02,NL,213
2018-11-03,NL,5860
2018-11-04,NL,26288
2018-11-05,ARWEB,19
2018-11-05,NL,35912
2018-11-05,NWKL,2552
2018-11-06,NL,40180
2018-11-06,NLECO,42
2018-11-07,ARWEB,2
2018-11-07,NL,29558
2018-11-07,NWDSP,47
2018-11-07,NWECO,370
2018-11-08,ARWEB,1
2018-11-08,NL,32036
2018-11-08,TL,6
2018-11-09,ARWEB,5
2018-11-09,NL,25
2018-11-09,NWKL,1560
2018-11-10,NL,4591
2018-11-11,NL,28347
2018-11-12,ARWEB,4
2018-11-12,NL,36043
2018-11-12,NWDSP,9
2018-11-12,TL,8
2018-11-13,ARWEB,24
2018-11-13,NL,41486
2018-11-14,NL,22856
2018-11-14,NWKL,1275
2018-11-14,PHSLD,0
2018-11-15,ARWEB,1
2018-11-15,NL,17627
2018-11-15,PHSLD,2843
2018-11-15,TL,13
2018-11-16,ARWEB,1
2018-11-16,NL,860
2018-11-16,PHSLD,15013
2018-11-17,NL,6226
2018-11-18,NL,16312
2018-11-19,ARWEB,14
2018-11-19,NL,23047
2018-11-20,ARWEB,12
2018-11-20,NL,26977
2018-11-20,PHSLD,8908
2018-11-20,VSOLD,67
2018-11-21,ARWEB,10
2018-11-21,NL,20624
2018-11-21,PHSLD,10205
2018-11-21,TL,1
2018-11-22,ARWEB,6
2018-11-22,NL,19424
2018-11-22,PHSLD,0
2018-11-22,TL,3
2018-11-23,ARWEB,3
2018-11-23,NL,206
2018-11-23,PHSLD,7968
2018-11-24,NL,7616
2018-11-25,NL,21484
2018-11-26,ARWEB,16
2018-11-26,NL,28978
2018-11-26,TL,34
2018-11-27,ARWEB,0
2018-11-27,NL,38356
2018-11-27,PHSLD,2168
2018-11-27,TL,8
2018-11-28,ARWEB,5
2018-11-28,NL,24814
2018-11-28,NLECO,21
2018-11-28,NWKL,533
2018-11-28,TL,2
2018-11-29,ARWEB,1
2018-11-29,NL,23416
2018-11-29,PHSLD,1147
2018-11-30,ARWEB,0
2018-11-30,NL,24
2018-11-30,NWKL,2665
2018-12-01,NL,11845
2018-12-02,NL,22229
2018-12-03,ARWEB,21
2018-12-03,NL,24648
2018-12-03,NLECO,61
2018-12-03,NWDSP,25
2018-12-03,NWECO,152
2018-12-04,ARWEB,1
2018-12-04,NL,32079
2018-12-04,PHSLD,45
2018-12-04,TL,1
2018-12-05,ARWEB,1
2018-12-05,NL,23922
2018-12-06,ARWEB,1
2018-12-06,NL,669
2018-12-07,NL,958
2018-12-07,TL,6
2018-12-08,NL,45527
2018-12-09,NL,30855
2018-12-10,ARWEB,3
2018-12-10,NL,36081
2018-12-10,TL,1
2018-12-11,ARWEB,2
2018-12-11,NL,39535
2018-12-11,TL,2
2018-12-12,ARWEB,1
2018-12-12,NL,30041
2018-12-13,ARWEB,2
2018-12-13,NL,3
2018-12-13,NLECO,1
2018-12-14,ARWEB,3
2018-12-14,NL,4480
2018-12-15,NL,29876
2018-12-16,NL,25201
2018-12-17,ARWEB,3
2018-12-17,NL,42775
2018-12-18,ARWEB,2
2018-12-18,NL,20068
2018-12-19,ARWEB,1
2018-12-19,NL,20368
2018-12-20,ARWEB,2
2018-12-20,NL,39
2018-12-20,VSOLD,0
2018-12-21,ARWEB,0
2018-12-21,NL,18
2018-12-22,NL,25831
2018-12-23,NL,454
2018-12-23,PHKER,0
2018-12-24,ARWEB,2
2018-12-24,NL,42549
2018-12-24,PHKER,9
2018-12-25,NL,20409
2018-12-25,PHKER,0
2018-12-26,ARWEB,4
2018-12-26,NL,25369
2018-12-26,NWDSP,0
2018-12-27,ARWEB,5
2018-12-27,EXT,1
2018-12-27,NL,168
2018-12-28,NL,0
2018-12-28,VSOLD,42
2018-12-29,NL,20741
2018-12-30,NL,446
2018-12-31,NL,15566
2018-12-31,NLECO,10
2019-01-01,NL,19353
2019-01-02,ARWEB,3
2019-01-02,NL,15269
2019-01-02,NWDSP,21
2019-01-02,NWECO,175
2019-01-02,TL,1
2019-01-03,ARWEB,1
2019-01-03,NL,1027
2019-01-04,ARWEB,0
2019-01-04,NL,5
2019-01-04,NWKL,2042
2019-01-05,NL,19893
2019-01-06,NL,12802
2019-01-07,ARWEB,5
2019-01-07,NL,21603
2019-01-07,VFOLD,12086
2019-01-08,ARWEB,4
2019-01-08,NL,33550
2019-01-09,ARWEB,10
2019-01-09,NL,28691
2019-01-09,NWKL,2105
2019-01-09,TL,7
2019-01-10,ARWEB,2
2019-01-10,NL,27257
2019-01-10,NLECO,11
2019-01-11,NL,2012
2019-01-11,NLECO,517
2019-01-12,NL,5019
2019-01-13,NL,16812
2019-01-14,ARWEB,5
2019-01-14,NL,21390
2019-01-15,ARWEB,0
2019-01-15,NL,25731
2019-01-16,ARWEB,1
2019-01-16,NL,19727
2019-01-16,TL,9
2019-01-17,NL,20482
2019-01-18,ARWEB,1
2019-01-18,NL,44
2019-01-19,NL,3313
2019-01-20,NL,14829
2019-01-21,ARWEB,2
2019-01-21,NL,19206
2019-01-22,ARWEB,5
2019-01-22,NL,19928
2019-01-22,NLECO,1
2019-01-23,ARWEB,6
2019-01-23,NL,23355
2019-01-24,ARWEB,0
2019-01-24,NL,22753
2019-01-24,TL,1
2019-01-25,ARWEB,5
2019-01-25,NL,125
2019-01-26,NL,4168
2019-01-27,NL,15786
2019-01-28,ARWEB,72
2019-01-28,NL,21558
2019-01-29,NL,22832
2019-01-29,TL,3
2019-01-30,ARWEB,4
2019-01-30,NL,20328
2019-01-31,ARWEB,5
2019-01-31,NL,24412
2019-02-01,ARWEB,3
2019-02-01,NL,825
2019-02-02,NL,6972
2019-02-03,NL,27140
2019-02-04,ARWEB,3
2019-02-04,NL,36194
2019-02-05,ARWEB,6
2019-02-05,NL,39301
2019-02-05,TL,9
2019-02-06,NL,33194
2019-02-07,NL,29862
2019-02-08,ARWEB,1
2019-02-08,NL,211
2019-02-09,NL,5502
2019-02-10,NL,24432
2019-02-11,ARWEB,6
2019-02-11,NL,21479
2019-02-11,NWDSP,17
2019-02-11,NWECO,74
2019-02-12,ARWEB,2
2019-02-12,NL,24989
2019-02-13,ARWEB,2
2019-02-13,NL,20056
2019-02-13,TL,2
2019-02-14,ARWEB,9
2019-02-14,NL,28567
2019-02-15,ARWEB,9
2019-02-15,NL,15
2019-02-15,NWKL,1285
2019-02-16,NL,4715
2019-02-17,NL,24983
2019-02-18,ARWEB,4
2019-02-18,NL,27874
2019-02-18,TL,4
2019-02-19,ARWEB,32
2019-02-19,NL,33171
2019-02-20,ARWEB,2
2019-02-20,NL,27958
2019-02-21,ARWEB,7
2019-02-21,NL,28040
2019-02-22,ARWEB,3
2019-02-22,NL,16
2019-02-23,NL,4488
2019-02-24,NL,20425
2019-02-25,ARWEB,49
2019-02-25,NL,22519
2019-02-26,NL,25691
2019-02-26,TL,1
2019-02-27,NL,20375
2019-02-27,TL,22
2019-02-28,ARWEB,1
2019-02-28,NL,25207
2019-02-28,TL,3
2019-03-01,NL,18
2019-03-01,NLECO,0
2019-03-01,NWKL,1091
2019-03-01,TL,19
2019-03-02,NL,4052
2019-03-03,NL,22116
2019-03-04,ARWEB,11
2019-03-04,NL,29967
2019-03-04,NLECO,9
2019-03-05,ARWEB,14
2019-03-05,NL,36213
2019-03-05,TL,38
2019-03-06,ARWEB,9
2019-03-06,NL,28295
2019-03-07,ARWEB,6
2019-03-07,NL,30636
2019-03-07,TL,32
2019-03-08,ARWEB,5
2019-03-08,NL,3503
2019-03-09,NL,4657
2019-03-10,NL,22324
2019-03-11,ARWEB,7
2019-03-11,NL,24634
2019-03-12,ARWEB,23
2019-03-12,NL,36311
2019-03-12,TL,8
2019-03-13,ARWEB,8
2019-03-13,NL,26941
2019-03-13,NWDSP,27
2019-03-13,NWKL,1358
2019-03-14,ARWEB,13
2019-03-14,NL,31136
2019-03-14,TL,13
2019-03-15,ARWEB,2
2019-03-15,NL,347
2019-03-15,NWDSP,19
2019-03-15,TL,3
2019-03-15,VRET,100
2019-03-16,NL,4140
2019-03-17,NL,25612
2019-03-18,ARWEB,7
2019-03-18,NL,26209
2019-03-18,NWDSP,43
2019-03-18,NWECO,169
2019-03-19,NL,31904
2019-03-19,NWDSP,1
2019-03-19,NWKL,3102
2019-03-19,TL,9
2019-03-19,VRET,200
2019-03-20,ARWEB,21
2019-03-20,EXT,3
2019-03-20,NL,25214
2019-03-20,NWDSP,1
2019-03-20,NWKL,2151
2019-03-20,TL,2
2019-03-21,ARWEB,1
2019-03-21,NL,30432
2019-03-22,NL,13
2019-03-22,TL,1
2019-03-22,VRET,25
2019-03-23,NL,4247
2019-03-24,NL,23507
2019-03-25,ARWEB,4
2019-03-25,NL,25940
2019-03-25,NLECO,21
2019-03-25,NWKL,2292
2019-03-25,TL,10
2019-03-26,ARWEB,18
2019-03-26,NL,29835
2019-03-26,NWKL,1202
2019-03-26,TL,2
2019-03-27,ARWEB,5
2019-03-27,NL,24199
2019-03-27,TL,5
2019-03-28,NL,14631
2019-03-28,NWECO,1
2019-03-28,TL,5
2019-03-29,ARWEB,7
2019-03-29,NL,19
2019-03-29,NWKL,599
2019-03-29,TL,1
2019-03-30,NL,11387
2019-03-31,NL,20428
2019-04-01,ARWEB,9
2019-04-01,NL,26495
2019-04-01,NLECO,52
2019-04-01,NWKL,454
2019-04-01,TL,8
2019-04-02,NL,26329
2019-04-02,NWECO,193
2019-04-02,NWKL,496
2019-04-03,ARWEB,5
2019-04-03,NL,25256
2019-04-03,TL,1
2019-04-04,NL,1987
2019-04-04,TL,1
2019-04-04,VRET,50
2019-04-05,ARWEB,6
2019-04-05,NL,313
2019-04-05,TL,6
2019-04-06,NL,23863
2019-04-07,NL,22320
2019-04-08,ARWEB,15
2019-04-08,NL,34809
2019-04-08,TL,3
2019-04-09,NL,35416
2019-04-09,TL,11
2019-04-10,ARWEB,7
2019-04-10,NL,19480
2019-04-10,TL,12
2019-04-11,NL,159
2019-04-12,ARWEB,9
2019-04-12,NL,1278
2019-04-12,TL,1
2019-04-13,NL,27602
2019-04-14,NL,26879
2019-04-15,ARWEB,12
2019-04-15,NL,35312
2019-04-15,TL,3
2019-04-16,NL,29109
2019-04-16,TL,9
2019-04-17,ARWEB,12
2019-04-17,NL,18766
2019-04-17,TL,8
2019-04-18,NL,194
2019-04-18,TL,6
2019-04-19,ARWEB,5
2019-04-19,NL,11
2019-04-19,TL,3
2019-04-20,NL,286
2019-04-21,NL,18804
2019-04-22,NL,25217
2019-04-23,EXT,1
2019-04-23,NL,25323
2019-04-23,TL,17
2019-04-24,ARWEB,47
2019-04-24,NL,27133
2019-04-24,TL,6
2019-04-25,NL,82
2019-04-25,TL,6
2019-04-26,ARWEB,10
2019-04-26,NL,124
2019-04-26,NWECO,25
2019-04-26,NWKL,2821
2019-04-27,NL,14777
2019-04-28,NL,18761
2019-04-29,ARWEB,5
2019-04-29,NL,3445
2019-04-29,NLECO,45
2019-04-30,ARWEB,2
2019-04-30,NL,24721
2019-04-30,NWECO,4
2019-04-30,TL,10
2019-05-01,NL,18756
2019-05-02,NL,13989
2019-05-02,TL,18
2019-05-03,ARWEB,12
2019-05-03,NL,2
2019-05-03,NLECO,31
2019-05-03,TL,12
2019-05-04,NL,13507
2019-05-05,NL,16390
2019-05-06,ARWEB,29
2019-05-06,NL,25799
2019-05-06,TL,5
2019-05-07,NL,33463
2019-05-07,NWECO,213
2019-05-07,TL,4
2019-05-08,ARWEB,9
2019-05-08,NL,36613
2019-05-08,TL,12
2019-05-09,NL,16063
2019-05-09,NWKL,470
2019-05-09,TL,18
2019-05-10,ARWEB,3
2019-05-10,NL,8
2019-05-10,NLECO,9
2019-05-10,TL,4
2019-05-11,NL,5000
2019-05-12,NL,24391
2019-05-13,ARWEB,3
2019-05-13,NL,22987
2019-05-13,NWECO,16
2019-05-13,TL,9
2019-05-14,NL,28644
2019-05-14,NWKL,2091
2019-05-14,TL,25
2019-05-15,ARWEB,36
2019-05-15,NL,30484
2019-05-16,NL,15978
2019-05-16,NWKL,1393
2019-05-16,TL,4
2019-05-16,VRET,197
2019-05-17,ARWEB,9
2019-05-17,NL,297
2019-05-17,PHSLD,2239
2019-05-17,TL,1
2019-05-18,NL,4168
2019-05-19,NL,32384
2019-05-20,ARWEB,5
2019-05-20,NL,22286
2019-05-20,NWKL,3441
2019-05-20,PHSLD,793
2019-05-20,TL,9
2019-05-21,ARWEB,1
2019-05-21,NL,14188
2019-05-21,NWDSP,25
2019-05-21,NWECO,197
2019-05-21,PHSLD,1903
2019-05-21,TL,6
2019-05-22,ARWEB,23
2019-05-22,NL,18817
2019-05-22,PHSLD,802
2019-05-22,TL,16
2019-05-23,ARWEB,3
2019-05-23,NL,255
2019-05-23,PHSLD,489
2019-05-23,TL,10
2019-05-24,ARWEB,5
2019-05-24,NL,4021
2019-05-24,NLECO,8
2019-05-24,NWECO,4
2019-05-24,PHSLD,371
2019-05-25,NL,17178
2019-05-26,NL,18701
2019-05-27,ARWEB,18
2019-05-27,NL,23115
2019-05-27,NLECO,61
2019-05-27,PHSLD,8808
2019-05-27,TL,17
2019-05-28,ARWEB,22
2019-05-28,NL,2
2019-05-28,NLECO,25
2019-05-28,PHSLD,4180
2019-05-28,TL,9
2019-05-29,ARWEB,2
2019-05-29,NL,22544
2019-05-29,NLECO,10
2019-05-29,PHSLD,7284
2019-05-29,TL,18
2019-05-30,NL,3828
2019-05-31,ARWEB,6
2019-05-31,NL,401
2019-05-31,NLECO,1
2019-05-31,NWKL,552
2019-05-31,PHSLD,530
2019-06-01,NL,17770
2019-06-02,NL,21129
2019-06-03,ARWEB,21
2019-06-03,NL,23754
2019-06-03,NLECO,44
2019-06-03,TL,23
2019-06-04,ARWEB,1
2019-06-04,NL,25559
2019-06-04,NLECO,3
2019-06-04,NWKL,2777
2019-06-04,PHSLD,6501
2019-06-04,TL,7
2019-06-05,ARWEB,3
2019-06-05,NL,11927
2019-06-05,TL,20
2019-06-06,NL,317
2019-06-06,NWDSP,24
2019-06-06,PHSLD,2986
2019-06-06,TL,1
2019-06-07,ARWEB,6
2019-06-07,NL,11
2019-06-08,NL,433
2019-06-09,NL,16468
2019-06-10,NL,19562
2019-06-11,NL,30805
2019-06-11,PHSLD,1210
2019-06-11,TL,7
2019-06-12,ARWEB,12
2019-06-12,NL,19345
2019-06-12,NWDSP,3
2019-06-12,NWKL,2314
2019-06-13,NL,23388
2019-06-13,NWECO,141
2019-06-13,PHSLD,307
2019-06-13,TL,11
2019-06-14,ARWEB,9
2019-06-14,NL,503
2019-06-15,NL,4109
2019-06-16,NL,15519
2019-06-17,ARWEB,15
2019-06-17,NL,15798
2019-06-17,PHKER,1495
2019-06-17,PHSLD,57
2019-06-18,NL,25101
2019-06-18,TL,7
2019-06-19,ARWEB,348
2019-06-19,NL,17349
2019-06-19,PHKER,4994
2019-06-19,TL,2
2019-06-19,VSOLD,34
2019-06-20,NL,21993
2019-06-20,NLECO,17
2019-06-21,ARWEB,14
2019-06-21,NL,413
2019-06-21,TL,2
2019-06-22,NL,3629
2019-06-23,NL,18802
2019-06-24,ARWEB,6
2019-06-24,NL,22092
2019-06-24,TL,1
2019-06-25,NL,25268
2019-06-25,TL,7
2019-06-26,ARWEB,15
2019-06-26,NL,17200
2019-06-26,NLECO,1
2019-06-27,NL,18152
2019-06-27,NLECO,37
2019-06-27,NWECO,2
2019-06-27,PHKER,1689
2019-06-27,TL,4
2019-06-28,NL,5434
2019-06-28,TL,2
2019-06-29,NL,3800
2019-06-30,NL,15146
2019-07-01,ARWEB,27
2019-07-01,NL,20588
2019-07-01,NLECO,18
2019-07-01,NWECO,5
2019-07-01,NWKL,1224
2019-07-01,PHKER,1856
2019-07-01,TL,7
2019-07-02,NL,24706
2019-07-02,NLECO,47
2019-07-02,PHKER,2121
2019-07-02,TL,6
2019-07-03,ARWEB,20
2019-07-03,NL,18923
2019-07-03,NLECO,2
2019-07-03,NWKL,73
2019-07-04,NL,21834
2019-07-04,NLECO,23
2019-07-04,NWDSP,2
2019-07-04,PHKER,1461
2019-07-04,TL,12
2019-07-05,ARWEB,15
2019-07-05,NL,12
2019-07-05,NLECO,1
2019-07-05,PHKER,3226
2019-07-05,TL,3
2019-07-06,NL,4290
2019-07-07,NL,17904
2019-07-08,ARWEB,11
2019-07-08,NL,24391
2019-07-08,NLECO,50
2019-07-08,TL,9
2019-07-09,ARWEB,1
2019-07-09,NL,35724
2019-07-09,PHKER,3081
2019-07-09,TL,9
2019-07-10,ARWEB,15
2019-07-10,NL,25477
2019-07-10,TL,3
2019-07-11,NL,27557
2019-07-11,TL,11
2019-07-12,ARWEB,14
2019-07-12,NL,22
2019-07-12,TL,1
2019-07-13,NL,3756
2019-07-14,NL,22611
2019-07-15,ARWEB,14
2019-07-15,NL,21197
2019-07-16,NL,27549
2019-07-16,TL,7
2019-07-17,ARWEB,9
2019-07-17,NL,20377
2019-07-17,NLECO,1
2019-07-17,PHKER,88
2019-07-17,TL,7
2019-07-18,NL,24172
2019-07-18,NWDSP,45
2019-07-18,NWECO,164
2019-07-18,NWKL,1641
2019-07-18,V2ND,28
2019-07-19,ARWEB,14
2019-07-19,NL,208
2019-07-20,NL,3034
2019-07-21,NL,20136
2019-07-22,ARWEB,17
2019-07-22,NL,20877
2019-07-22,TL,8
2019-07-23,NL,25107
2019-07-23,TL,7
2019-07-24,ARWEB,20
2019-07-24,NL,17933
2019-07-24,TL,1
2019-07-25,ARWEB,1
2019-07-25,NL,25817
2019-07-25,TL,10
2019-07-26,ARWEB,12
2019-07-26,NL,177
2019-07-26,TL,3
2019-07-27,NL,3247
2019-07-28,NL,17727
2019-07-29,ARWEB,14
2019-07-29,NL,20765
2019-07-29,TL,19
2019-07-30,ARWEB,1
2019-07-30,NL,24744
2019-07-30,TL,14
2019-07-31,ARWEB,45
2019-07-31,NL,18773
2019-07-31,NWKL,1249
2019-07-31,TL,2
2019-08-01,NL,24751
2019-08-01,TL,5
2019-08-02,ARWEB,14
2019-08-02,NL,82
2019-08-02,TL,10
2019-08-03,NL,12654
2019-08-04,NL,22392
2019-08-05,ARWEB,31
2019-08-05,NL,36357
2019-08-05,TL,16
2019-08-06,ARWEB,1
2019-08-06,NL,32747
2019-08-06,PHKER,649
2019-08-06,TL,15
2019-08-07,ARWEB,14
2019-08-07,EXT,5
2019-08-07,NL,28206
2019-08-07,NWDSP,47
2019-08-07,NWECO,212
2019-08-07,NWKL,1043
2019-08-07,TL,40
2019-08-08,EXT,6
2019-08-08,NL,9958
2019-08-08,NWDSP,1
2019-08-08,TL,3
2019-08-09,ARWEB,20
2019-08-09,NL,34
2019-08-09,NWDSP,9
2019-08-09,NWKL,0
2019-08-10,NL,30384
2019-08-11,NL,27250
2019-08-12,ARWEB,19
2019-08-12,EXT,4
2019-08-12,NL,29581
2019-08-12,NLECO,18
2019-08-12,PHKER,1200
2019-08-12,TL,17
2019-08-13,ARWEB,1
2019-08-13,NL,6
2019-08-13,NWKL,8
2019-08-13,PHKER,18248
2019-08-13,TL,4
2019-08-14,ARWEB,2
2019-08-14,NL,29458
2019-08-14,TL,7
2019-08-15,NL,26834
2019-08-16,ARWEB,25
2019-08-16,NL,368
2019-08-17,NL,5542
2019-08-18,NL,20020
2019-08-19,ARWEB,25
2019-08-19,NL,25902
2019-08-19,TL,3
2019-08-20,ARWEB,5
2019-08-20,NL,34676
2019-08-20,NWKL,1
2019-08-20,PHKER,10239
2019-08-20,TL,4
2019-08-21,ARWEB,32
2019-08-21,EXT,5
2019-08-21,NL,17714
2019-08-21,PHKER,4731
2019-08-21,TL,2
2019-08-22,NL,20418
2019-08-22,PHKER,2396
2019-08-23,ARWEB,21
2019-08-23,NL,20
2019-08-23,PHKER,12698
2019-08-23,TL,5
2019-08-24,NL,3429
2019-08-25,NL,16152
2019-08-26,ARWEB,26
2019-08-26,NL,18236
2019-08-26,PHKER,5525
2019-08-26,TL,3
2019-08-27,ARWEB,108
2019-08-27,NL,25836
2019-08-27,PHKER,344
2019-08-28,ARWEB,39
2019-08-28,NL,16319
2019-08-28,TL,2
2019-08-29,ARWEB,1
2019-08-29,NL,21089
2019-08-29,PHKER,66
2019-08-30,ARWEB,22
2019-08-30,NL,12
2019-08-30,PHKER,4153
2019-08-30,TL,1
2019-08-31,NL,3360
2019-09-01,NL,15171
2019-09-02,ARWEB,11
2019-09-02,NL,20146
2019-09-02,PHKER,1724
2019-09-02,TL,10
2019-09-03,ARWEB,2
2019-09-03,NL,23913
2019-09-03,PHKER,9920
2019-09-03,TL,3
2019-09-04,ARWEB,4
2019-09-04,NL,18720
2019-09-04,PHKER,1189
2019-09-05,NL,22450
2019-09-05,PHKER,2166
2019-09-05,TL,3
2019-09-06,ARWEB,11
2019-09-06,NL,374
2019-09-06,PHKER,2400
2019-09-06,TL,2
2019-09-07,NL,4072
2019-09-08,NL,17583
2019-09-09,ARWEB,28
2019-09-09,EXT,6
2019-09-09,NL,26022
2019-09-09,PHKER,4369
2019-09-10,ARWEB,1
2019-09-10,NL,32975
2019-09-10,PHKER,982
2019-09-10,TL,5
2019-09-11,ARWEB,14
2019-09-11,EXT,4
2019-09-11,NL,26544
2019-09-11,PHKER,994
2019-09-11,TL,6
2019-09-12,ARWEB,2
2019-09-12,NL,30368
2019-09-12,PHKER,843
2019-09-12,TL,1
2019-09-13,ARWEB,4
2019-09-13,NL,92
2019-09-14,NL,5311
2019-09-15,NL,25237
2019-09-16,NL,28654
2019-09-16,TL,1
2019-09-17,NL,28689
2019-09-17,PHKER,1380
2019-09-17,TL,7
2019-09-18,ARWEB,34
2019-09-18,NL,23451
2019-09-18,NWECO,7
2019-09-18,NWKL,384
2019-09-19,EXT,6
2019-09-19,NL,26138
2019-09-19,NWECO,21
2019-09-19,NWKL,13
2019-09-19,PHKER,1792
2019-09-20,ARWEB,1
2019-09-20,NL,1547
2019-09-20,PHKER,8440
2019-09-20,TL,1
2019-09-21,NL,4880
2019-09-22,NL,23336
2019-09-23,ARWEB,207
2019-09-23,NL,23337
2019-09-23,TL,8
2019-09-24,ARWEB,1
2019-09-24,NL,26862
2019-09-24,TL,6
2019-09-25,ARWEB,6
2019-09-25,NL,20631
2019-09-25,PHKER,5094
2019-09-25,TL,11
2019-09-26,ARWEB,2
2019-09-26,NL,21764
2019-09-26,PHKER,12442
2019-09-27,ARWEB,13
2019-09-27,NL,43
2019-09-27,NWKL,2293
2019-09-27,PHKER,965
2019-09-27,TL,4
2019-09-28,NL,3698
2019-09-29,NL,18248
2019-09-30,ARWEB,188
2019-09-30,NL,21862
2019-09-30,PHKER,8369
2019-09-30,TL,25
2019-10-01,ARWEB,165
2019-10-01,NL,30052
2019-10-01,PHKER,916
2019-10-01,TL,7
2019-10-02,ARWEB,69
2019-10-02,NL,22156
2019-10-02,NWDSP,1
2019-10-02,PHKER,12456
2019-10-02,TL,76
2019-10-03,NL,23627
2019-10-03,NLECO,1
2019-10-03,PHKER,2981
2019-10-03,TL,5
2019-10-04,ARWEB,11
2019-10-04,NL,292
2019-10-05,NL,4486
2019-10-06,NL,22935
2019-10-07,ARWEB,14
2019-10-07,NL,30204
2019-10-07,TL,21
2019-10-08,ARWEB,1
2019-10-08,NL,44665
2019-10-08,TL,14
2019-10-09,ARWEB,190
2019-10-09,NL,34288
2019-10-09,TL,4
2019-10-10,ARWEB,1
2019-10-10,NL,33906
2019-10-10,NWDSP,38
2019-10-10,NWECO,219
2019-10-11,NL,741
2019-10-12,NL,4781
2019-10-13,NL,30571
2019-10-14,ARWEB,0
2019-10-14,NL,35013
2019-10-15,ARWEB,3
2019-10-15,NL,37827
2019-10-15,NWDSP,1
2019-10-15,TL,30
2019-10-16,ARWEB,77
2019-10-16,NL,34682
2019-10-16,TL,5
2019-10-17,ARWEB,2
2019-10-17,NL,18814
2019-10-17,NLECO,279
2019-10-18,ARWEB,0
2019-10-18,NL,602
2019-10-18,NLECO,182
2019-10-19,NL,5019
2019-10-20,NL,48079
2019-10-21,ARWEB,8
2019-10-21,NL,21750
2019-10-21,NLECO,39
2019-10-21,NWKL,1738
2019-10-22,NL,23145
2019-10-23,NL,25346
2019-10-23,TL,8
2019-10-24,NL,2440
2019-10-25,ARWEB,38
2019-10-25,NL,12202
2019-10-26,NL,13999
2019-10-27,NL,26973
2019-10-28,NL,32425
2019-10-28,TL,1
2019-10-29,NL,24941
2019-10-29,TL,16
2019-10-30,ARWEB,15
2019-10-30,NL,451
2019-10-31,NL,11597
2019-10-31,TL,11
2019-11-01,NL,535
2019-11-02,NL,12576
2019-11-03,NL,33524
2019-11-04,ARWEB,0
2019-11-04,NL,34843
2019-11-04,TL,4
2019-11-05,NL,33257
2019-11-06,ARWEB,53
2019-11-06,NL,33420
2019-11-07,NL,15958
2019-11-08,NL,294
2019-11-08,NLECO,2
2019-11-08,VRET,13
2019-11-09,NL,622
2019-11-10,NL,18671
2019-11-11,NL,30470
2019-11-12,NL,40190
2019-11-12,VRET,122
2019-11-13,ARWEB,4
2019-11-13,NL,28366
2019-11-13,TL,8
2019-11-14,ARWEB,1
2019-11-14,NL,28407
2019-11-14,NLECO,1
2019-11-14,TL,7
2019-11-15,ARWEB,1
2019-11-15,NL,22
2019-11-16,NL,4173
2019-11-17,NL,19311
2019-11-18,ARWEB,33
2019-11-18,NL,24878
2019-11-18,NLECO,1
2019-11-18,TL,20
2019-11-19,NL,29188
2019-11-20,ARWEB,15
2019-11-20,NL,21979
2019-11-20,TL,9
2019-11-21,EXT,2
2019-11-21,NL,23009
2019-11-21,NLECO,13
2019-11-21,TL,6
2019-11-22,NL,1
2019-11-22,PHSLD,22
2019-11-23,NL,3994
2019-11-24,NL,18952
2019-11-25,ARWEB,9
2019-11-25,NL,21944
2019-11-25,NLECO,6
2019-11-25,PHSLD,983
2019-11-26,NL,26832
2019-11-26,PHSLD,2007
2019-11-27,ARWEB,3
2019-11-27,NL,20445
2019-11-27,PHSLD,4328
2019-11-28,ARWEB,4
2019-11-28,NL,24907
2019-11-28,PHSLD,3426
2019-11-28,TL,9
2019-11-29,ARWEB,3
2019-11-29,NL,10
2019-11-29,VSOLD,28
2019-11-30,NL,4077
2019-12-01,NL,22964
2019-12-02,ARWEB,2
2019-12-02,NL,26354
2019-12-02,PHSLD,595
2019-12-02,TL,2
2019-12-03,ARWEB,1
2019-12-03,NL,31031
2019-12-03,TL,5
2019-12-04,ARWEB,0
2019-12-04,NL,24562
2019-12-04,VSOLD,21
2019-12-05,ARWEB,2
2019-12-05,NL,24253
2019-12-06,NL,2817
2019-12-07,NL,23458
2019-12-08,NL,19719
2019-12-09,ARWEB,70
2019-12-09,NL,32674
2019-12-09,NLECO,4
2019-12-09,TL,1
2019-12-10,NL,31221
2019-12-11,ARWEB,14
2019-12-11,NL,28440
2019-12-11,TL,1
2019-12-12,NL,12626
2019-12-13,NL,543
2019-12-14,NL,10303
2019-12-15,NL,33469
2019-12-16,ARWEB,0
2019-12-16,NL,39961
2019-12-17,ARWEB,1
2019-12-17,NL,36299
2019-12-17,TL,36
2019-12-18,ARWEB,33
2019-12-18,NL,26826
2019-12-19,ARWEB,3
2019-12-19,NL,19886
2019-12-19,TL,2
2019-12-20,ARWEB,1
2019-12-20,NL,9
2019-12-21,NL,1999
2019-12-22,NL,32147
2019-12-22,PHKER,0
2019-12-23,ARWEB,11
2019-12-23,NL,74
2019-12-23,TL,7
2019-12-24,ARWEB,6
2019-12-24,NL,22000
2019-12-24,TL,2
2019-12-24,VRET,150
2019-12-25,NL,24530
2019-12-26,ARWEB,2
2019-12-26,NL,27870
2019-12-26,TL,27
2019-12-27,ARWEB,1
2019-12-27,NL,538
2019-12-28,NL,1344
2019-12-29,NL,16655
2019-12-30,ARWEB,8
2019-12-30,NL,176
2019-12-30,PHSLD,0
2019-12-30,TL,1
2019-12-31,ARWEB,3
2019-12-31,NL,25586
2019-12-31,TL,1
2020-01-01,NL,18734
2020-01-02,NL,24610
2020-01-02,VRET,75
2020-01-03,NL,556
2020-01-03,TL,2
2020-01-04,NL,3453
2020-01-05,NL,19774
2020-01-06,ARWEB,44
2020-01-06,NL,35194
2020-01-06,VRET,219
2020-01-07,NL,39990
2020-01-07,TL,1
2020-01-08,ARWEB,22
2020-01-08,NL,28937
2020-01-08,TL,5
2020-01-09,NL,31559
2020-01-09,TL,2
2020-01-10,NL,1103
2020-01-10,TL,31
2020-01-11,NL,3573
2020-01-12,NL,28110
2020-01-13,ARWEB,11
2020-01-13,NL,21948
2020-01-13,TL,19
2020-01-14,NL,23555
2020-01-14,TL,5
2020-01-15,ARWEB,63
2020-01-15,NL,19541
2020-01-16,NL,19090
2020-01-17,NL,336
2020-01-17,TL,9
2020-01-18,NL,2598
2020-01-19,NL,15377
2020-01-20,ARWEB,17
2020-01-20,NL,16457
2020-01-20,TL,5
2020-01-21,NL,20692
2020-01-21,NWDSP,35
2020-01-21,NWECO,133
2020-01-21,TL,1
2020-01-22,ARWEB,14
2020-01-22,NL,16723
2020-01-23,NL,15919
2020-01-24,NL,3527
2020-01-24,NWECO,32
2020-01-25,NL,2445
2020-01-26,NL,13959
2020-01-27,ARWEB,13
2020-01-27,NL,16373
2020-01-27,TL,3
2020-01-28,ARWEB,2
2020-01-28,NL,23523
2020-01-29,ARWEB,17
2020-01-29,NL,20982
2020-01-29,NWDSP,29
2020-01-29,TL,7
2020-01-30,NL,21636
2020-01-31,ARWEB,3
2020-01-31,NL,529
2020-01-31,TL,5
2020-02-01,NL,3626
2020-02-02,NL,18358
2020-02-03,ARWEB,32
2020-02-03,NL,25346
2020-02-04,ARWEB,8
2020-02-04,NL,42081
2020-02-05,ARWEB,0
2020-02-05,NL,32333
2020-02-06,NL,31505
2020-02-07,ARWEB,6
2020-02-07,NL,561
2020-02-08,NL,3981
2020-02-09,NL,30363
2020-02-10,ARWEB,48
2020-02-10,NL,41913
2020-02-10,TL,1
2020-02-11,NL,40417
2020-02-11,TL,3
2020-02-12,ARWEB,18
2020-02-12,NL,30976
2020-02-12,NWKL,2283
2020-02-13,NL,33984
2020-02-14,NL,581
2020-02-15,NL,3215
2020-02-16,NL,27706
2020-02-17,ARWEB,25
2020-02-17,NL,27112
2020-02-18,ARWEB,1
2020-02-18,NL,23437
2020-02-19,ARWEB,6
2020-02-19,NL,19632
2020-02-20,NL,22303
2020-02-20,TL,880
2020-02-21,ARWEB,3
2020-02-21,NL,65
2020-02-21,TL,431
2020-02-22,NL,3353
2020-02-23,NL,19612
2020-02-24,ARWEB,34
2020-02-24,NL,22028
2020-02-25,ARWEB,20
2020-02-25,NL,33707
2020-02-25,TL,6
2020-02-26,ARWEB,4
2020-02-26,NL,25493
2020-02-27,NL,25740
2020-02-27,TL,2
2020-02-28,NL,34
2020-02-29,NL,3011
2020-03-01,NL,22726
2020-03-02,ARWEB,30
2020-03-02,NL,19988
2020-03-02,TL,4
2020-03-03,ARWEB,15
2020-03-03,NL,25473
2020-03-03,TL,7
2020-03-04,ARWEB,2
2020-03-04,NL,21937
2020-03-04,TL,8
2020-03-05,NL,21638
2020-03-05,TL,1
2020-03-06,NL,10
2020-03-07,NL,3206
2020-03-08,NL,18910
2020-03-09,ARWEB,71
2020-03-09,NL,27299
2020-03-10,NL,37691
2020-03-10,TL,19
2020-03-11,ARWEB,26
2020-03-11,NL,26938
2020-03-12,NL,22894
2020-03-12,NLECO,1
2020-03-13,NL,21
2020-03-13,TL,3
2020-03-14,NL,1482
2020-03-15,NL,20474
2020-03-16,ARWEB,33
2020-03-16,EXT,2
2020-03-16,NL,4222
2020-03-17,ARWEB,86
2020-03-17,NL,2041
2020-03-17,TL,6
2020-03-18,NL,1861
2020-03-19,NL,640
2020-03-20,NL,0
2020-03-21,NL,0
2020-03-22,NL,267
2020-03-23,NL,833
2020-03-24,NL,0
2020-03-25,ARWEB,107
2020-03-25,NL,0
2020-03-26,ARWEB,1
2020-03-26,NL,70
2020-03-27,NL,0
2020-03-28,NL,0
2020-03-29,NL,0
2020-03-30,NL,33
2020-03-31,ARWEB,85
2020-03-31,NL,0
2020-04-01,NL,0
2020-04-02,NL,3
2020-04-03,NL,0
2020-04-04,NL,0
2020-04-05,NL,26
2020-04-06,ARWEB,81
2020-04-06,NL,5229
2020-04-07,NL,31
2020-04-07,NLECO,47
2020-04-08,NL,0
2020-04-08,NLECO,74
2020-04-09,ARWEB,42
2020-04-09,NL,54
2020-04-10,ARWEB,1
2020-04-10,NL,15
2020-04-11,NL,0
2020-04-12,NL,6
2020-04-13,NL,10
2020-04-14,ARWEB,76
2020-04-14,NL,9
2020-04-15,ARWEB,1
2020-04-15,NL,27
2020-04-16,NL,5329
2020-04-17,NL,3
2020-04-18,NL,0
2020-04-19,NL,20
2020-04-20,ARWEB,109
2020-04-20,NL,0
2020-04-21,NL,48
2020-04-22,NL,0
2020-04-23,NL,5579
2020-04-24,NL,119
2020-04-25,NL,32
2020-04-26,NL,84
2020-04-27,ARWEB,72
2020-04-27,NL,408
2020-04-27,NLECO,3
2020-04-27,TL,2
2020-04-28,NL,225
2020-04-29,NL,350
2020-04-30,NL,8074
2020-05-01,NL,185
2020-05-02,NL,1
2020-05-03,NL,0
2020-05-04,ARWEB,123
2020-05-04,NL,368
2020-05-04,NLECO,1
2020-05-05,ARWEB,2
2020-05-05,NL,11
2020-05-06,NL,444
2020-05-06,NLECO,1
2020-05-07,NL,319
2020-05-08,NL,0
2020-05-09,NL,0
2020-05-10,NL,13997
2020-05-11,ARWEB,99
2020-05-11,NL,1113
2020-05-12,NL,5357
2020-05-13,ARWEB,3
2020-05-13,NL,769
2020-05-14,NL,1068
2020-05-15,NL,0
2020-05-16,NL,0
2020-05-17,NL,43475
2020-05-18,ARWEB,80
2020-05-18,NL,2782
2020-05-18,TL,17
2020-05-19,NL,17130
2020-05-20,NL,1173
2020-05-20,TL,40
2020-05-21,NL,2769
2020-05-22,NL,51
2020-05-23,NL,458
2020-05-24,NL,48496
2020-05-25,ARWEB,32
2020-05-25,NL,36571
2020-05-25,TL,8
2020-05-26,NL,25526
2020-05-26,TL,14
2020-05-27,NL,17043
2020-05-27,TL,12
2020-05-28,NL,280
2020-05-29,NL,17
2020-05-29,TL,1
2020-05-30,NL,63
2020-05-31,NL,34691
2020-06-01,NL,39754
2020-06-02,ARWEB,64
2020-06-02,NL,42500
2020-06-02,TL,26
2020-06-03,NL,23966
2020-06-03,NLECO,5
2020-06-03,TL,9
2020-06-04,NL,40385
2020-06-04,TL,12
2020-06-04,VRET,122
2020-06-05,ARWEB,69
2020-06-05,NL,1163
2020-06-06,NL,12565
2020-06-07,NL,27669
2020-06-08,NL,36838
2020-06-08,TL,1
2020-06-09,NL,49663
2020-06-09,TL,4
2020-06-10,NL,28152
2020-06-10,TL,3
2020-06-11,NL,40308
2020-06-11,TL,14
2020-06-12,ARWEB,49
2020-06-12,NL,140
2020-06-12,TL,2
2020-06-13,NL,2685
2020-06-14,NL,20488
2020-06-15,NL,32297
2020-06-15,TL,5
2020-06-16,ARWEB,59
2020-06-16,NL,50134
2020-06-16,TL,6
2020-06-17,NL,23864
2020-06-17,TL,1
2020-06-18,NL,37883
2020-06-18,TL,12
2020-06-19,ARWEB,46
2020-06-19,NL,12
2020-06-19,NLECO,8
2020-06-19,TL,8
2020-06-20,NL,2628
2020-06-21,NL,22720
2020-06-22,NL,32333
2020-06-22,TL,14
2020-06-23,NL,42050
2020-06-23,TL,15
2020-06-24,NL,23210
2020-06-25,ARWEB,68
2020-06-25,NL,37859
2020-06-26,NL,36
2020-06-26,TL,14
2020-06-27,NL,2454
2020-06-28,NL,20262
2020-06-29,NL,31040
2020-06-29,NWKL,1086
2020-06-29,TL,39
2020-06-30,NL,35502
2020-06-30,TL,5
2020-07-01,NL,26020
2020-07-01,NLECO,2
2020-07-01,NWECO,35
2020-07-02,NL,37599
2020-07-02,NWDSP,13
2020-07-02,NWECO,9
2020-07-02,NWKL,1028
2020-07-02,TL,104
2020-07-03,NL,170
2020-07-04,NL,2754
2020-07-05,NL,26977
2020-07-06,ARWEB,51
2020-07-06,NL,35900
2020-07-07,NL,29667
2020-07-07,TL,21
2020-07-08,NL,30752
2020-07-09,ARWEB,4
2020-07-09,NL,26472
2020-07-09,TL,3
2020-07-10,NL,30
2020-07-10,TL,8
2020-07-11,NL,1650
2020-07-12,NL,26486
2020-07-13,ARWEB,53
2020-07-13,NL,36498
2020-07-13,NWKL,1773
2020-07-13,TL,18
2020-07-14,NL,27492
2020-07-14,TL,2
2020-07-15,NL,33258
2020-07-15,TL,1
2020-07-16,NL,17851
2020-07-17,NL,12
2020-07-17,TL,3
2020-07-18,NL,1505
2020-07-19,NL,4652
2020-07-20,ARWEB,46
2020-07-20,NL,31603
2020-07-20,TL,6
2020-07-21,NL,36685
2020-07-22,NL,23440
2020-07-22,NLECO,1
2020-07-22,TL,5
2020-07-23,NL,35916
2020-07-23,NLECO,3
2020-07-24,NL,303
2020-07-24,NWKL,5
2020-07-24,TL,2
2020-07-25,NL,4960
2020-07-26,NL,23475
2020-07-27,ARWEB,51
2020-07-27,NL,24534
2020-07-27,NLECO,8
2020-07-27,TL,4
2020-07-27,VRET,374
2020-07-28,NL,34330
2020-07-28,NLECO,11
2020-07-29,ARWEB,4
2020-07-29,NL,19342
2020-07-30,NL,30947
2020-07-30,NWECO,9
2020-07-31,NL,25
2020-08-01,NL,2914
2020-08-02,NL,19715
2020-08-03,ARWEB,8
2020-08-03,NL,25361
2020-08-03,TL,13
2020-08-04,ARWEB,2
2020-08-04,NL,33620
2020-08-05,ARWEB,11
2020-08-05,NL,19454
2020-08-06,ARWEB,1
2020-08-06,NL,28805
2020-08-07,ARWEB,1
2020-08-07,NL,157
2020-08-07,NWKL,1436
2020-08-07,TL,2
2020-08-08,NL,3081
2020-08-09,NL,16704
2020-08-10,ARWEB,16
2020-08-10,NL,24450
2020-08-10,TL,5
2020-08-10,VRET,97
2020-08-11,NL,28978
2020-08-11,NLECO,1
2020-08-12,ARWEB,2
2020-08-12,NL,17412
2020-08-12,TL,2
2020-08-13,NL,25808
2020-08-13,TL,1
2020-08-14,ARWEB,2
2020-08-14,NL,36
2020-08-14,TL,7
2020-08-15,NL,3339
2020-08-16,NL,17393
2020-08-17,ARWEB,9
2020-08-17,NL,25127
2020-08-17,TL,2
2020-08-18,NL,32940
2020-08-18,TL,1
2020-08-19,ARWEB,5
2020-08-19,NL,17926
2020-08-19,PHKER,0
2020-08-19,TL,2
2020-08-20,NL,28074
2020-08-20,TL,1
2020-08-21,NL,28
2020-08-22,NL,3457
2020-08-23,NL,23630
2020-08-24,ARWEB,16
2020-08-24,NL,31784
2020-08-24,PHKER,74
2020-08-25,ARWEB,1
2020-08-25,NL,38203
2020-08-25,TL,1
2020-08-26,ARWEB,2
2020-08-26,NL,21611
2020-08-27,NL,34580
2020-08-28,ARWEB,71
2020-08-28,NL,309
2020-08-29,NL,2709
2020-08-30,NL,19642
2020-08-31,ARWEB,11
2020-08-31,NL,26923
2020-09-01,EXT,1
2020-09-01,NL,39174
2020-09-01,PHKER,8384
2020-09-02,ARWEB,2
2020-09-02,NL,21598
2020-09-02,NWKL,1627
2020-09-02,PHKER,12304
2020-09-02,TL,2
2020-09-03,ARWEB,2
2020-09-03,EXT,1
2020-09-03,NL,32186
2020-09-03,NWECO,6
2020-09-03,PHKER,8223
2020-09-03,TL,21
2020-09-04,EXT,1
2020-09-04,NL,18
2020-09-04,PHKER,11420
2020-09-04,TL,1
2020-09-05,NL,2490
2020-09-06,NL,21032
2020-09-07,ARWEB,7
2020-09-07,NL,28318
2020-09-07,TL,4
2020-09-08,NL,38755
2020-09-08,PHKER,1518
2020-09-09,ARWEB,92
2020-09-09,NL,21543
2020-09-09,PHKER,8298
2020-09-10,NL,34157
2020-09-10,NWKL,123
2020-09-10,PHKER,167
2020-09-11,NL,41
2020-09-11,PHKER,9029
2020-09-12,NL,2624
2020-09-13,NL,22233
2020-09-14,ARWEB,40
2020-09-14,NL,29072
2020-09-14,PHKER,153
2020-09-15,ARWEB,1
2020-09-15,NL,43872
2020-09-15,NWKL,2339
2020-09-15,TL,4
2020-09-16,ARWEB,12
2020-09-16,NL,23239
2020-09-16,TL,2
2020-09-17,NL,37550
2020-09-18,NL,46
2020-09-18,PHKER,2177
2020-09-18,TL,4
2020-09-19,NL,2635
2020-09-20,NL,24295
2020-09-21,ARWEB,1
2020-09-21,NL,36201
2020-09-21,NWKL,1490
2020-09-21,PHKER,3500
2020-09-22,ARWEB,1
2020-09-22,NL,45848
2020-09-22,PHKER,7857
2020-09-23,ARWEB,41
2020-09-23,NL,24824
2020-09-23,PHKER,4712
2020-09-24,NL,38309
2020-09-24,PHKER,7130
2020-09-25,ARWEB,1
2020-09-25,NL,15
2020-09-25,NWKL,3173
2020-09-25,PHKER,189
2020-09-26,NL,2658
2020-09-27,NL,24453
2020-09-28,ARWEB,19
2020-09-28,NL,35757
2020-09-28,TL,2
2020-09-29,ARWEB,2
2020-09-29,NL,43297
2020-09-29,PHKER,5487
2020-09-29,TL,1
2020-09-30,ARWEB,209
2020-09-30,NL,23702
2020-09-30,PHKER,93
2020-10-01,NL,39184
2020-10-01,NWKL,675
2020-10-01,PHKER,7143
2020-10-01,TL,1
2020-10-02,ARWEB,1
2020-10-02,NL,40
2020-10-03,ARWEB,0
2020-10-03,NL,2273
2020-10-04,NL,22322
2020-10-05,ARWEB,32
2020-10-05,NL,40843
2020-10-05,NWECO,25
2020-10-05,NWKL,2082
2020-10-06,NL,48601
2020-10-06,PHKER,1080
2020-10-06,TL,1
2020-10-07,ARWEB,361
2020-10-07,NL,28208
2020-10-07,NWKL,741
2020-10-07,PHKER,1906
2020-10-08,NL,45060
2020-10-09,NL,57
2020-10-09,NWECO,24
2020-10-09,NWKL,1950
2020-10-09,PHKER,93
2020-10-10,NL,3162
2020-10-11,NL,27654
2020-10-12,ARWEB,36
2020-10-12,NL,47067
2020-10-13,NL,58817
2020-10-13,NWKL,791
2020-10-14,ARWEB,12
2020-10-14,NL,34800
2020-10-15,NL,46975
2020-10-16,NL,739
2020-10-16,NLECO,1
2020-10-17,NL,3190
2020-10-18,NL,27976
2020-10-19,ARWEB,270
2020-10-19,NL,47228
2020-10-20,ARWEB,11
2020-10-20,NL,57012
2020-10-20,TL,2
2020-10-21,ARWEB,35
2020-10-21,NL,32973
2020-10-22,ARWEB,1
2020-10-22,NL,45690
2020-10-22,NLKER,46
2020-10-22,TL,2
2020-10-23,NL,37
2020-10-24,NL,4972
2020-10-25,NL,33050
2020-10-26,ARWEB,64
2020-10-26,NL,39950
2020-10-26,TL,1
2020-10-27,ARWEB,5
2020-10-27,NL,66048
2020-10-28,ARWEB,137
2020-10-28,NL,11011
2020-10-29,ARWEB,6
2020-10-29,NL,42743
2020-10-29,TL,2
2020-10-30,NL,43
2020-10-31,NL,4357
2020-11-01,NL,21225
2020-11-02,ARWEB,101
2020-11-02,NL,15192
2020-11-02,TL,1
2020-11-03,NL,19140
2020-11-03,TL,6
2020-11-04,ARWEB,42
2020-11-04,NL,21367
2020-11-05,NL,4465
2020-11-06,NL,331
2020-11-07,NL,1508
2020-11-08,NL,22198
2020-11-09,NL,78
2020-11-10,NL,4932
2020-11-11,NL,13065
2020-11-12,ARWEB,182
2020-11-12,NL,73618
2020-11-13,ARWEB,13
2020-11-13,NL,3075
2020-11-14,NL,1386
2020-11-15,NL,459
2020-11-16,ARWEB,52
2020-11-16,NL,24485
2020-11-16,TL,1
2020-11-17,ARWEB,1
2020-11-17,NL,7177
2020-11-18,ARWEB,31
2020-11-18,NL,30322
2020-11-18,TL,2
2020-11-19,ARWEB,1
2020-11-19,NL,23692
2020-11-20,NL,4594
2020-11-21,NL,799
2020-11-22,NL,770
2020-11-23,NL,33999
2020-11-23,TL,1
2020-11-24,NL,25886
2020-11-25,NL,14351
2020-11-26,NL,27246
2020-11-26,TL,53
2020-11-27,NL,7724
2020-11-28,NL,1124
2020-11-29,NL,7067
2020-11-30,NL,38596
2020-11-30,TL,3
2020-12-01,NL,38079
2020-12-02,NL,22950
2020-12-03,NL,39360
2020-12-03,TL,1
2020-12-04,NL,11935
2020-12-04,TL,3
2020-12-05,NL,2401
2020-12-06,NL,17980
2020-12-07,NL,37110
2020-12-07,TL,63
2020-12-08,NL,52646
2020-12-08,TL,2
2020-12-09,NL,18265
2020-12-10,NL,30589
2020-12-11,NL,6470
2020-12-11,TL,4
2020-12-12,NL,14863
2020-12-13,NL,32970
2020-12-14,NL,38011
2020-12-14,TL,20
2020-12-15,NL,32257
2020-12-16,NL,30388
2020-12-17,ARWEB,105
2020-12-17,NL,26865
2020-12-17,TL,1
2020-12-18,NL,4122
2020-12-19,NL,2093
2020-12-20,NL,41936
2020-12-21,NL,36871
2020-12-21,TL,1
2020-12-21,VRET,172
2020-12-22,NL,29950
2020-12-23,ARWEB,23
2020-12-23,NL,26362
2020-12-23,TL,1
2020-12-23,VRET,25
2020-12-24,NL,3246
2020-12-25,NL,859
2020-12-26,NL,6144
2020-12-27,NL,36308
2020-12-28,ARWEB,1
2020-12-28,NL,46694
2020-12-29,NL,11264
2020-12-30,NL,26743
2020-12-30,TL,3
2020-12-31,NL,2548
2021-01-01,NL,0
2021-01-02,NL,2442
2021-01-03,NL,18649
2021-01-04,NL,27228
2021-01-04,TL,2
2021-01-05,NL,29678
2021-01-05,TL,5
2021-01-06,ARWEB,9
2021-01-06,NL,16568
2021-01-07,NL,25789
2021-01-07,VRET,24
2021-01-08,NL,2181
2021-01-09,NL,1444
2021-01-10,NL,13698
2021-01-11,ARWEB,12
2021-01-11,NL,24148
2021-01-12,NL,29923
2021-01-12,TL,1
2021-01-13,ARWEB,66
2021-01-13,NL,21318
2021-01-14,NL,21590
2021-01-14,TL,10
2021-01-15,NL,13076
2021-01-16,NL,1600
2021-01-17,NL,14860
2021-01-18,ARWEB,32
2021-01-18,NL,16001
2021-01-18,TL,1
2021-01-19,NL,27400
2021-01-20,ARWEB,18
2021-01-20,NL,18008
2021-01-21,NL,23331
2021-01-21,TL,4
2021-01-22,NL,2903
2021-01-23,NL,999
2021-01-24,NL,16873
2021-01-25,NL,16859
2021-01-26,NL,31627
2021-01-27,NL,19438
2021-01-28,NL,25981
2021-01-29,NL,2122
2021-01-29,TL,1
2021-01-30,NL,1556
2021-01-31,NL,15825
2021-02-01,ARWEB,14
2021-02-01,NL,16405
2021-02-02,NL,34887
2021-02-03,NL,24634
2021-02-03,NWECO,77
2021-02-04,NL,33246
2021-02-05,NL,706
2021-02-06,NL,2822
2021-02-07,NL,26495
2021-02-08,NL,26723
2021-02-08,NWDSP,8
2021-02-08,NWECO,75
2021-02-08,TL,3
2021-02-09,NL,49099
2021-02-09,TL,5
2021-02-10,NL,29382
2021-02-10,NWECO,0
2021-02-11,NL,34741
2021-02-12,NL,652
2021-02-13,NL,2267
2021-02-14,NL,22477
2021-02-15,NL,29514
2021-02-16,NL,43254
2021-02-16,TL,2
2021-02-17,NL,24359
2021-02-18,NL,35623
2021-02-19,NL,1736
2021-02-19,TL,2
2021-02-20,NL,1794
2021-02-21,NL,25741
2021-02-22,NL,28102
2021-02-22,TL,1
2021-02-23,NL,44011
2021-02-24,NL,31124
2021-02-25,NL,35607
2021-02-26,NL,3532
2021-02-27,NL,2652
2021-02-28,NL,25684
2021-03-01,NL,24879
2021-03-01,TL,3
2021-03-02,NL,46451
2021-03-03,NL,26146
2021-03-03,TL,1
2021-03-04,NL,37592
2021-03-05,NL,2838
2021-03-06,NL,4019
2021-03-07,NL,27731
2021-03-08,NL,27129
2021-03-08,NWDSP,37
2021-03-09,NL,54702
2021-03-09,NWECO,124
2021-03-09,TL,2
2021-03-10,NL,24757
2021-03-11,NL,54939
2021-03-11,TL,11
2021-03-12,NL,3237
2021-03-13,NL,2711
2021-03-14,NL,28075
2021-03-15,NL,24242
2021-03-15,TL,7
2021-03-16,NL,50528
2021-03-16,NWKL,1197
2021-03-16,TL,3
2021-03-17,NL,15648
2021-03-18,NL,39583
2021-03-18,TL,2
2021-03-18,VRET,97
2021-03-19,NL,8012
2021-03-20,NL,1133
2021-03-21,NL,18601
2021-03-22,NL,31274
2021-03-22,TL,7
2021-03-23,NL,45730
2021-03-24,NL,20152
2021-03-24,TL,3
2021-03-25,NL,12126
2021-03-25,TL,12
2021-03-26,NL,559
2021-03-26,TL,2
2021-03-27,NL,3859
2021-03-28,NL,13201
2021-03-29,NL,41121
2021-03-29,NWKL,2955
2021-03-29,TL,3
2021-03-30,NL,12837
2021-03-30,TL,2
2021-03-31,NL,28560
2021-04-01,NL,3961
2021-04-01,NWDSP,35
2021-04-01,NWECO,172
2021-04-01,TL,4
2021-04-02,NL,1571
2021-04-02,TL,6
2021-04-04,NL,4845
2021-04-05,NL,22893
2021-04-06,NL,12421
2021-04-06,TL,20
2021-04-07,NL,12391
2021-04-07,TL,1
2021-04-08,NL,34979
2021-04-08,NWECO,74
2021-04-08,NWKL,830
2021-04-08,TL,1
2021-04-09,NL,4248
2021-04-09,TL,1
2021-04-10,NL,1757
2021-04-11,NL,6921
2021-04-12,NL,39324
2021-04-12,TL,7
2021-04-13,NL,7835
2021-04-13,TL,5
2021-04-14,NL,7833
2021-04-14,TL,12
2021-04-15,NL,36373
2021-04-16,NL,3852
2021-04-17,NL,741
2021-04-18,NL,10295
2021-04-19,NL,60234
2021-04-19,NWDSP,38
2021-04-19,NWECO,193
2021-04-19,NWKL,253
2021-04-19,TL,7
2021-04-20,NL,10393
2021-04-20,TL,1
2021-04-20,VRET,25
2021-04-21,NL,23749
2021-04-21,TL,4
2021-04-22,NL,31643
2021-04-22,NWECO,2
2021-04-22,TL,2
2021-04-23,NL,20038
2021-04-23,TL,1
2021-04-24,NL,147
2021-04-25,NL,8264
2021-04-26,NL,28287
2021-04-26,TL,1
2021-04-27,NL,17007
2021-04-27,TL,22
2021-04-28,NL,18139
2021-04-28,TL,4
2021-04-29,NL,28360
2021-04-29,TL,10
2021-04-30,NL,4443
2021-04-30,TL,12
2021-05-01,NL,500
2021-05-02,NL,13539
2021-05-03,NL,30252
2021-05-03,TL,1
2021-05-04,NL,40736
2021-05-04,TL,20
2021-05-05,NL,16867
2021-05-05,TL,2
2021-05-06,NL,22048
2021-05-06,TL,1
2021-05-07,NL,11008
2021-05-07,TL,21
2021-05-08,NL,1652
2021-05-09,NL,34038
2021-05-10,NL,26078
2021-05-10,TL,11
2021-05-11,NL,16954
2021-05-12,NL,24431
2021-05-12,TL,23
2021-05-13,NL,16751
2021-05-14,NL,16854
2021-05-14,TL,32
2021-05-15,NL,1139
2021-05-16,NL,32243
2021-05-17,NL,35870
2021-05-17,TL,1
2021-05-18,NL,36481
2021-05-18,TL,7
2021-05-19,NL,25382
2021-05-19,TL,39
2021-05-20,NL,8627
2021-05-20,TL,2
2021-05-20,VRET,50
2021-05-21,NL,1312
2021-05-21,TL,4
2021-05-23,NL,18516
2021-05-24,NL,37121
2021-05-25,NL,47425
2021-05-26,NL,28070
2021-05-26,TL,21
2021-05-27,NL,36771
2021-05-27,NWDSP,32
2021-05-27,NWECO,211
2021-05-27,TL,7
2021-05-28,NL,648
2021-05-28,TL,6
2021-05-29,NL,3458
2021-05-30,NL,24311
2021-05-31,NL,31252
2021-05-31,TL,27
2021-06-01,NL,35538
2021-06-01,TL,8
2021-06-02,NL,26481
2021-06-02,TL,13
2021-06-03,NL,42120
2021-06-03,NWECO,107
2021-06-03,TL,50
2021-06-04,NL,431
2021-06-04,TL,42
2021-06-05,NL,2605
2021-06-06,NL,20865
2021-06-07,NL,34352
2021-06-07,TL,3
2021-06-08,NL,49564
2021-06-08,TL,2
2021-06-09,NL,26155
2021-06-09,TL,5
2021-06-10,NL,35864
2021-06-10,TL,2
2021-06-11,NL,610
2021-06-11,TL,43
2021-06-12,NL,3269
2021-06-13,NL,24939
2021-06-14,NL,37397
2021-06-14,TL,29
2021-06-15,NL,30979
2021-06-15,TL,21
2021-06-16,NL,26803
2021-06-17,NL,34024
2021-06-17,TL,7
2021-06-18,NL,564
2021-06-19,NL,2001
2021-06-20,NL,16482
2021-06-21,NL,28193
2021-06-21,TL,3
2021-06-22,NL,27034
2021-06-22,TL,2
2021-06-23,NL,19712
2021-06-23,TL,1
2021-06-24,NL,28987
2021-06-25,NL,370
2021-06-25,TL,29
2021-06-26,NL,2440
2021-06-27,NL,17362
2021-06-28,NL,26442
2021-06-28,TL,6
2021-06-28,VRET,50
2021-06-29,NL,31519
2021-06-30,NL,20988
2021-06-30,TL,3
2021-07-01,NL,30162
2021-07-01,TL,1
2021-07-02,NL,421
2021-07-02,TL,14
2021-07-03,NL,1896
2021-07-04,NL,18884
2021-07-05,NL,29486
2021-07-05,TL,299
2021-07-06,NL,29841
2021-07-06,TL,4
2021-07-07,NL,19811
2021-07-07,TL,1
2021-07-08,NL,27905
2021-07-08,TL,11
2021-07-09,NL,392
2021-07-09,TL,1
2021-07-10,NL,2926
2021-07-11,NL,17654
2021-07-12,NL,28300
2021-07-12,TL,1
2021-07-13,NL,31735
2021-07-14,NL,19451
2021-07-14,TL,4
2021-07-15,NL,27528
2021-07-16,NL,1003
2021-07-17,NL,3721
2021-07-18,NL,15818
2021-07-19,NL,4478
2021-07-19,TL,72
2021-07-20,NL,23594
2021-07-20,TL,6
2021-07-21,NL,17300
2021-07-22,NL,26844
2021-07-22,TL,2
2021-07-23,NL,420
2021-07-23,VRET,150
2021-07-24,NL,3531
2021-07-25,NL,14311
2021-07-26,NL,30534
2021-07-27,NL,25189
2021-07-27,TL,6
2021-07-28,NL,20653
2021-07-29,NL,26770
2021-07-29,TL,2
2021-07-29,VRET,50
2021-07-30,NL,330
2021-07-30,TL,4
2021-07-31,NL,2580
2021-08-01,NL,15570
2021-08-02,NL,27025
2021-08-02,TL,7
2021-08-03,NL,29310
2021-08-04,NL,18676
2021-08-05,NL,28374
2021-08-06,NL,358
2021-08-06,TL,1
2021-08-07,NL,3141
2021-08-08,NL,16912
2021-08-09,NL,24625
2021-08-09,TL,38
2021-08-10,NL,29934
2021-08-10,TL,3
2021-08-11,NL,20275
2021-08-12,NL,29190
2021-08-12,TL,4
2021-08-13,NL,287
2021-08-13,TL,2
2021-08-14,NL,2262
2021-08-15,NL,15806
2021-08-16,NL,25655
2021-08-17,NL,31928
2021-08-17,TL,3
2021-08-18,NL,17767
2021-08-19,NL,28089
2021-08-19,TL,8
2021-08-20,NL,382
2021-08-20,TL,1
2021-08-21,NL,3272
2021-08-22,NL,17455
2021-08-23,NL,32676
2021-08-23,TL,3
2021-08-24,NL,39696
2021-08-24,TL,5
2021-08-25,NL,22732
2021-08-25,TL,37
2021-08-26,NL,35654
2021-08-26,TL,2
2021-08-27,NL,619
2021-08-28,NL,2966
2021-08-29,NL,21851
2021-08-30,NL,26218
2021-08-30,TL,11
2021-08-31,NL,38867
2021-08-31,PHKER,442
2021-08-31,TL,5
2021-09-01,NL,19529
2021-09-01,TL,3
2021-09-02,NL,36142
2021-09-03,NL,350
2021-09-03,PHKER,4069
2021-09-04,NL,2332
2021-09-05,NL,21682
2021-09-06,NL,30234
2021-09-06,TL,10
2021-09-07,NL,37985
2021-09-07,PHKER,1190
2021-09-07,TL,7
2021-09-08,NL,18172
2021-09-08,PHKER,4612
2021-09-09,NL,31176
2021-09-09,PHKER,4380
2021-09-09,TL,5
2021-09-10,NL,1145
2021-09-10,PHKER,6309
2021-09-10,TL,1
2021-09-11,NL,2893
2021-09-12,NL,18738
2021-09-13,NL,28737
2021-09-13,PHKER,3563
2021-09-13,TL,4
2021-09-14,NL,36908
2021-09-14,TL,2
2021-09-15,NL,18426
2021-09-15,PHKER,1036
2021-09-15,TL,2
2021-09-16,NL,32593
2021-09-16,TL,4
2021-09-17,NL,722
2021-09-18,NL,3108
2021-09-19,NL,24167
2021-09-20,NL,32029
2021-09-21,NL,45417
2021-09-21,TL,2
2021-09-21,WP,3
2021-09-22,ARWEB,57
2021-09-22,NL,24993
2021-09-22,NLKER,0
2021-09-22,PHKER,4122
2021-09-23,NL,37233
2021-09-23,PHKER,5709
2021-09-23,WC,5
2021-09-24,ARWEB,6
2021-09-24,NL,624
2021-09-24,WC,3
2021-09-24,WP,8
2021-09-25,NL,3155
2021-09-26,NL,23822
2021-09-27,NL,35291
2021-09-27,PHKER,4506
2021-09-27,TL,2
2021-09-27,WP,27
2021-09-28,NL,38398
2021-09-28,WP,56
2021-09-29,NL,20128
2021-09-29,PHKER,6198
2021-09-29,VRET,50
2021-09-29,WP,20
2021-09-30,NL,41786
2021-09-30,TL,7
2021-09-30,WP,90
2021-10-01,ARWEB,3
2021-10-01,NL,331
2021-10-01,PHKER,196
2021-10-01,TL,1
2021-10-01,WP,58
2021-10-02,NL,3075
2021-10-03,NL,23418
2021-10-04,NL,35347
2021-10-04,NWDSP,15
2021-10-04,TL,1
2021-10-04,WP,9
2021-10-05,NL,41481
2021-10-05,PHKER,4809
2021-10-05,TL,2
2021-10-05,WP,67
2021-10-06,NL,23669
2021-10-06,VRET,24
2021-10-06,WP,29
2021-10-07,NL,35154
2021-10-07,NWKL,7
2021-10-07,TL,4
2021-10-07,WP,47
2021-10-08,NL,362
2021-10-08,PHKER,3525
2021-10-08,WP,44
2021-10-09,NL,2879
2021-10-09,WP,29
2021-10-10,NL,21880
2021-10-11,ARWEB,5
2021-10-11,NL,32669
2021-10-11,NWECO,13
2021-10-11,PHKER,4411
2021-10-11,WP,116
2021-10-12,NL,39217
2021-10-12,PHKER,3274
2021-10-12,TL,4
2021-10-12,WP,43
2021-10-13,NL,18813
2021-10-13,NWECO,11
2021-10-13,PHKER,4667
2021-10-13,TL,2
2021-10-13,WP,33
2021-10-14,NL,36042
2021-10-14,NWECO,4
2021-10-14,PHKER,3726
2021-10-14,WP,45
2021-10-15,NL,330
2021-10-15,PHKER,197
2021-10-15,TL,4
2021-10-15,WP,41
2021-10-16,NL,2181
2021-10-16,WP,42
2021-10-17,NL,24177
2021-10-18,NL,33847
2021-10-18,NWKL,475
2021-10-18,PHKER,368
2021-10-18,WP,168
2021-10-19,ARWEB,1
2021-10-19,NL,42858
2021-10-19,NWECO,18
2021-10-19,NWKL,2
2021-10-19,TL,3
2021-10-19,WC,1
2021-10-19,WP,43
2021-10-20,NL,23086
2021-10-20,TL,1
2021-10-20,WP,36
2021-10-21,NL,39550
2021-10-21,TL,2
2021-10-21,WP,125
2021-10-22,NL,360
2021-10-22,TL,4
2021-10-22,WC,1
2021-10-22,WP,169
2021-10-23,NL,2129
2021-10-23,WP,175
2021-10-24,NL,23933
2021-10-25,NL,39517
2021-10-25,WP,550
2021-10-26,NL,52753
2021-10-26,TL,5
2021-10-26,WP,188
2021-10-27,NL,25168
2021-10-27,NWKL,68
2021-10-27,WP,320
2021-10-28,NL,11592
2021-10-28,TL,3
2021-10-28,WC,1
2021-10-28,WP,306
2021-10-29,NL,1229
2021-10-29,TL,2
2021-10-29,WC,2
2021-10-29,WP,286
2021-10-30,NL,460
2021-10-30,WP,71
2021-10-31,NL,32819
2021-11-01,NL,43748
2021-11-01,WP,694
2021-11-02,NL,47404
2021-11-02,WP,355
2021-11-03,ARWEB,4
2021-11-03,NL,30372
2021-11-03,WC,1
2021-11-03,WP,391
2021-11-04,NL,55733
2021-11-04,TL,17
2021-11-04,WC,3
2021-11-04,WP,353
2021-11-05,NL,498
2021-11-05,WC,1
2021-11-05,WP,635
2021-11-06,NL,4946
2021-11-06,WP,84
2021-11-07,NL,27147
2021-11-08,NL,45177
2021-11-08,TL,1
2021-11-08,WC,3
2021-11-08,WP,1094
2021-11-09,NL,10561
2021-11-09,TL,6
2021-11-09,WC,7
2021-11-09,WP,415
2021-11-10,ARWEB,3
2021-11-10,NL,21826
2021-11-10,VRET,50
2021-11-10,WC,6
2021-11-10,WP,240
2021-11-11,NL,47567
2021-11-11,WC,20
2021-11-11,WP,246
2021-11-12,ARWEB,18
2021-11-12,NL,4011
2021-11-12,NWDSP,5
2021-11-12,TL,15
2021-11-12,WC,10
2021-11-12,WP,311
2021-11-13,NL,5238
2021-11-13,WP,138
2021-11-14,NL,30666
2021-11-15,NL,40961
2021-11-15,TL,9
2021-11-15,WC,8
2021-11-15,WP,855
2021-11-16,NL,63541
2021-11-16,NWDSP,11
2021-11-16,NWECO,52
2021-11-16,WC,17
2021-11-16,WP,391
2021-11-17,NL,28471
2021-11-17,TL,6
2021-11-17,WC,14
2021-11-17,WP,282
2021-11-18,ARWEB,5
2021-11-18,NL,43554
2021-11-18,TL,2
2021-11-18,WC,37
2021-11-18,WP,241
2021-11-19,NL,2049
2021-11-19,TL,1
2021-11-19,WC,19
2021-11-19,WP,220
2021-11-20,NL,6084
2021-11-20,WC,5
2021-11-20,WP,60
2021-11-21,NL,24961
2021-11-22,ARWEB,1
2021-11-22,NL,34798
2021-11-22,TL,3
2021-11-22,WP,865
2021-11-23,NL,47435
2021-11-23,WC,10
2021-11-23,WP,309
2021-11-24,NL,23956
2021-11-24,TL,3
2021-11-24,WC,22
2021-11-24,WP,352
2021-11-25,ARWEB,3
2021-11-25,NL,41836
2021-11-25,TL,1
2021-11-25,WC,17
2021-11-25,WP,311
2021-11-26,ARWEB,3
2021-11-26,NL,505
2021-11-26,WC,7
2021-11-26,WP,780
2021-11-27,NL,4669
2021-11-27,WP,294
2021-11-28,NL,26262
2021-11-29,NL,37191
2021-11-29,TL,18
2021-11-29,WC,1
2021-11-29,WP,1595
2021-11-30,NL,49231
2021-11-30,TL,1
2021-11-30,VRET,75
2021-11-30,WC,14
2021-11-30,WP,434
2021-12-01,NL,24420
2021-12-01,WC,3
2021-12-01,WP,284
2021-12-02,NL,43709
2021-12-02,TL,6
2021-12-02,WC,18
2021-12-02,WP,321
2021-12-03,NL,371
2021-12-03,WP,328
2021-12-04,NL,3662
2021-12-04,WP,81
2021-12-05,NL,25506
2021-12-06,NL,34592
2021-12-06,TL,4
2021-12-06,WC,12
2021-12-06,WP,1058
2021-12-07,NL,48920
2021-12-07,TL,4
2021-12-07,WC,2
2021-12-07,WP,419
2021-12-08,NL,24841
2021-12-08,TL,9
2021-12-08,WC,6
2021-12-08,WP,395
2021-12-09,ARWEB,1
2021-12-09,NL,39990
2021-12-09,WC,6
2021-12-09,WP,351
2021-12-10,NL,271
2021-12-10,TL,2
2021-12-10,WP,344
2021-12-11,NL,4051
2021-12-11,WC,1
2021-12-11,WP,76
2021-12-12,NL,26568
2021-12-13,NL,34297
2021-12-13,WC,1
2021-12-13,WP,1120
2021-12-14,NL,53072
2021-12-14,WC,7
2021-12-14,WP,362
2021-12-15,ARWEB,1
2021-12-15,NL,24339
2021-12-15,TL,3
2021-12-15,WC,16
2021-12-15,WP,393
2021-12-16,NL,42324
2021-12-16,TL,1
2021-12-16,WC,5
2021-12-16,WP,296
2021-12-17,NL,348
2021-12-17,NWKL,963
2021-12-17,WC,5
2021-12-17,WP,262
2021-12-18,NL,3561
2021-12-18,WP,85
2021-12-19,NL,30794
2021-12-20,NL,37885
2021-12-20,WC,21
2021-12-20,WP,1187
2021-12-21,NL,54523
2021-12-21,WC,5
2021-12-21,WP,350
2021-12-22,NL,26200
2021-12-22,WC,13
2021-12-22,WP,240
2021-12-23,NL,43208
2021-12-23,VRET,125
2021-12-23,WC,23
2021-12-23,WP,216
2021-12-24,NL,2654
2021-12-24,WC,9
2021-12-24,WP,211
2021-12-25,NL,3734
2021-12-25,WP,28
2021-12-26,NL,31684
2021-12-27,NL,21148
2021-12-27,NWKL,887
2021-12-27,VRET,75
2021-12-27,WC,1
2021-12-27,WP,729
2021-12-28,NL,44712
2021-12-28,TL,9
2021-12-28,WC,18
2021-12-28,WP,306
2021-12-29,NL,20277
2021-12-29,WC,5
2021-12-29,WP,315
2021-12-30,NL,36411
2021-12-30,NWECO,13
2021-12-30,TL,1
2021-12-30,WC,5
2021-12-30,WP,306
2021-12-31,NL,572
2021-12-31,TL,2
2021-12-31,WC,12
2021-12-31,WP,194
2022-01-01,NL,2736
2022-01-01,WC,2
2022-01-01,WP,26
2022-01-02,NL,16412
2022-01-03,NL,24426
2022-01-03,TL,1
2022-01-03,WC,7
2022-01-03,WP,682
2022-01-04,NL,34491
2022-01-04,TL,3
2022-01-04,WC,1
2022-01-04,WP,331
2022-01-05,NL,14504
2022-01-05,WC,1
2022-01-05,WP,298
2022-01-06,NL,36931
2022-01-06,WC,2
2022-01-06,WP,315
2022-01-07,NL,241
2022-01-07,WC,1
2022-01-07,WP,327
2022-01-08,NL,5087
2022-01-08,WP,69
2022-01-09,NL,19682
2022-01-10,NL,29250
2022-01-10,WC,2
2022-01-10,WP,871
2022-01-11,NL,38925
2022-01-11,TL,2
2022-01-11,WC,5
2022-01-11,WP,300
2022-01-12,NL,18509
2022-01-12,WC,11
2022-01-12,WP,274
2022-01-13,NL,31547
2022-01-13,WP,316
2022-01-14,NL,1850
2022-01-14,WC,44
2022-01-14,WP,191
2022-01-15,NL,5604
2022-01-15,WP,56
2022-01-16,NL,18907
2022-01-17,NL,50394
2022-01-17,TL,5
2022-01-17,WC,27
2022-01-17,WP,909
2022-01-18,NL,56633
2022-01-18,WC,12
2022-01-18,WP,317
2022-01-19,NL,24674
2022-01-19,WC,6
2022-01-19,WP,258
2022-01-20,NL,44144
2022-01-20,TL,2
2022-01-20,WC,26
2022-01-20,WP,266
2022-01-21,NL,254
2022-01-21,WC,15
2022-01-21,WP,219
2022-01-22,NL,7636
2022-01-22,WP,64
2022-01-23,NL,19973
2022-01-24,NL,28699
2022-01-24,TL,1
2022-01-24,WC,2
2022-01-24,WP,873
2022-01-25,NL,45668
2022-01-25,TL,1
2022-01-25,WP,335
2022-01-26,NL,20737
2022-01-26,TL,2
2022-01-26,VRET,48
2022-01-26,WC,8
2022-01-26,WP,316
2022-01-27,NL,43693
2022-01-27,WC,16
2022-01-27,WP,288
2022-01-28,NL,235
2022-01-28,WC,13
2022-01-28,WP,224
2022-01-29,NL,8231
2022-01-29,WP,67
2022-01-30,NL,22725
2022-01-31,NL,32668
2022-01-31,WC,6
2022-01-31,WP,840
2022-02-01,NL,43114
2022-02-01,WC,30
2022-02-01,WP,216
2022-02-02,NL,20221
2022-02-02,TL,7
2022-02-02,WC,7
2022-02-02,WP,266
2022-02-03,NL,43492
2022-02-03,WC,12
2022-02-03,WP,299
2022-02-04,NL,418
2022-02-04,WC,6
2022-02-04,WP,365
2022-02-05,NL,10001
2022-02-05,WP,61
2022-02-06,NL,26060
2022-02-07,NL,37423
2022-02-07,WC,1
2022-02-07,WP,902
2022-02-08,NL,55839
2022-02-08,WC,5
2022-02-08,WP,258
2022-02-09,NL,20827
2022-02-09,WC,9
2022-02-09,WP,284
2022-02-10,NL,41255
2022-02-10,WC,19
2022-02-10,WP,274
2022-02-11,NL,451
2022-02-11,TL,4
2022-02-11,WC,4
2022-02-11,WP,334
2022-02-12,NL,7988
2022-02-12,WP,91
2022-02-13,NL,23057
2022-02-14,NL,35730
2022-02-14,TL,2
2022-02-14,WC,11
2022-02-14,WP,988
2022-02-15,NL,53124
2022-02-15,TL,3
2022-02-15,WC,8
2022-02-15,WP,348
2022-02-16,NL,21038
2022-02-16,WC,12
2022-02-16,WP,262
2022-02-17,NL,45508
2022-02-17,VRET,50
2022-02-17,WC,13
2022-02-17,WP,317
2022-02-18,NL,318
2022-02-18,WC,15
2022-02-18,WP,267
2022-02-19,NL,8763
2022-02-19,WP,60
2022-02-20,NL,25201
2022-02-21,NL,35995
2022-02-21,WC,7
2022-02-21,WP,745
2022-02-22,NL,50437
2022-02-22,TL,1
2022-02-22,WC,12
2022-02-22,WP,263
2022-02-23,NL,20510
2022-02-23,TL,7
2022-02-23,WC,6
2022-02-23,WP,261
2022-02-24,NL,39341
2022-02-24,NWDSP,37
2022-02-24,WC,2
2022-02-24,WP,265
2022-02-25,NL,413
2022-02-25,WC,12
2022-02-25,WP,267
2022-02-26,NL,8455
2022-02-26,WP,84
2022-02-27,NL,21800
2022-02-28,NL,33258
2022-02-28,TL,1
2022-02-28,WC,19
2022-02-28,WP,891
2022-03-01,NL,50199
2022-03-01,WC,13
2022-03-01,WP,282
2022-03-02,NL,23069
2022-03-02,TL,2
2022-03-02,WC,6
2022-03-02,WP,318
2022-03-03,NL,44507
2022-03-03,NWECO,148
2022-03-03,TL,3
2022-03-03,WC,17
2022-03-03,WP,285
2022-03-04,NL,648
2022-03-04,NWKL,1916
2022-03-04,WC,23
2022-03-04,WP,278
2022-03-05,NL,8128
2022-03-05,WP,69
2022-03-06,NL,26256
2022-03-07,NL,39558
2022-03-07,TL,7
2022-03-07,WC,5
2022-03-07,WP,882
2022-03-08,NL,47783
2022-03-08,WC,3
2022-03-08,WP,387
2022-03-09,NL,21661
2022-03-09,WC,9
2022-03-09,WP,236
2022-03-10,NL,43273
2022-03-10,TL,1
2022-03-10,WC,4
2022-03-10,WP,289
2022-03-11,NL,315
2022-03-11,WP,312
2022-03-12,NL,8808
2022-03-12,WC,8
2022-03-12,WP,59
2022-03-13,NL,24059
2022-03-14,NL,36356
2022-03-14,TL,4
2022-03-14,WP,1025
2022-03-15,NL,53208
2022-03-15,TL,1
2022-03-15,WC,4
2022-03-15,WP,333
2022-03-16,NL,26428
2022-03-16,WC,10
2022-03-16,WP,274
2022-03-17,NL,47869
2022-03-17,VRET,75
2022-03-17,WC,2
2022-03-17,WP,311
2022-03-18,NL,662
2022-03-18,WC,1
2022-03-18,WP,351
2022-03-19,NL,7752
2022-03-19,WC,2
2022-03-19,WP,73
2022-03-20,NL,24966
2022-03-21,NL,42522
2022-03-21,TL,2
2022-03-21,WC,3
2022-03-21,WP,898
2022-03-22,NL,51694
2022-03-22,TL,4
2022-03-22,WC,2
2022-03-22,WP,283
2022-03-23,NL,7540
2022-03-23,TL,2
2022-03-23,WC,13
2022-03-23,WP,304
2022-03-24,NL,2791
2022-03-24,NWKL,168
2022-03-24,TL,2
2022-03-24,WC,5
2022-03-24,WP,317
2022-03-25,NL,20
2022-03-25,WC,28
2022-03-25,WP,259
2022-03-26,NL,1263
2022-03-26,WC,3
2022-03-26,WP,73
2022-03-27,NL,1434
2022-03-28,NL,3939
2022-03-28,TL,20
2022-03-28,WP,995
2022-03-29,NL,39935
2022-03-29,WC,3
2022-03-29,WP,336
2022-03-30,NL,15460
2022-03-30,WP,359
2022-03-31,NL,45576
2022-03-31,TL,17
2022-03-31,WC,5
2022-03-31,WP,380
2022-04-01,NL,483
2022-04-01,WC,8
2022-04-01,WP,282
2022-04-02,NL,9547
2022-04-02,WP,71
2022-04-03,NL,23141
2022-04-04,NL,36233
2022-04-04,NWECO,88
2022-04-04,NWKL,836
2022-04-04,TL,4
2022-04-04,WC,2
2022-04-04,WP,1160
2022-04-05,NL,46481
2022-04-05,WC,6
2022-04-05,WP,414
2022-04-06,NL,18672
2022-04-06,WC,2
2022-04-06,WP,486
2022-04-07,NL,37492
2022-04-07,WC,4
2022-04-07,WP,385
2022-04-08,NL,301
2022-04-08,TL,2
2022-04-08,WC,9
2022-04-08,WP,330
2022-04-09,NL,7789
2022-04-09,WP,79
2022-04-10,NL,18547
2022-04-11,NL,35983
2022-04-11,NWDSP,7
2022-04-11,NWKL,200
2022-04-11,TL,1
2022-04-11,WC,10
2022-04-11,WP,950
2022-04-12,NL,53372
2022-04-12,TL,6
2022-04-12,WC,11
2022-04-12,WP,333
2022-04-13,NL,18380
2022-04-13,TL,4
2022-04-13,WC,4
2022-04-13,WP,368
2022-04-14,NL,8353
2022-04-14,TL,8
2022-04-14,WC,2
2022-04-14,WP,365
2022-04-15,NL,861
2022-04-15,TL,1
2022-04-15,WC,3
2022-04-15,WP,302
2022-04-16,NL,340
2022-04-16,WP,78
2022-04-17,NL,14671
2022-04-18,NL,32018
2022-04-18,WP,246
2022-04-19,NL,41799
2022-04-19,TL,36
2022-04-19,WC,4
2022-04-19,WP,779
2022-04-20,NL,19780
2022-04-20,TL,4
2022-04-20,WC,9
2022-04-20,WP,415
2022-04-21,NL,44924
2022-04-21,TL,12
2022-04-21,WC,5
2022-04-21,WP,368
2022-04-22,NL,192
2022-04-22,TL,14
2022-04-22,WP,357
2022-04-23,NL,4167
2022-04-23,WP,65
2022-04-24,NL,15432
2022-04-25,NL,29055
2022-04-25,TL,1
2022-04-25,WP,1212
2022-04-26,NL,35916
2022-04-26,TL,3
2022-04-26,WC,3
2022-04-26,WP,391
2022-04-27,NL,16734
2022-04-27,TL,1
2022-04-27,WC,4
2022-04-27,WP,386
2022-04-28,NL,31632
2022-04-28,TL,7
2022-04-28,WC,3
2022-04-28,WP,442
2022-04-29,NL,740
2022-04-29,WP,343
2022-04-30,NL,4538
2022-04-30,WP,63
2022-05-01,NL,16172
2022-05-02,NL,27347
2022-05-02,NWDSP,39
2022-05-02,TL,1
2022-05-02,VRET,150
2022-05-02,WC,2
2022-05-02,WP,1401
2022-05-03,NL,44518
2022-05-03,TL,1
2022-05-03,WC,3
2022-05-03,WP,476
2022-05-04,NL,17748
2022-05-04,WC,6
2022-05-04,WP,381
2022-05-05,NL,36621
2022-05-05,TL,1
2022-05-05,WC,2
2022-05-05,WP,368
2022-05-06,NL,317
2022-05-06,TL,11
2022-05-06,VRET,25
2022-05-06,WP,417
2022-05-07,NL,6946
2022-05-07,WP,63
2022-05-08,NL,19405
2022-05-09,NL,34492
2022-05-09,TL,1
2022-05-09,WC,2
2022-05-09,WP,1300
2022-05-10,NL,38938
2022-05-10,TL,4
2022-05-10,WP,358
2022-05-11,NL,16729
2022-05-11,NLECO,0
2022-05-11,TL,3
2022-05-11,WP,368
2022-05-12,NL,34505
2022-05-12,TL,6
2022-05-12,WC,1
2022-05-12,WP,347
2022-05-13,NL,318
2022-05-13,TL,4
2022-05-13,WC,7
2022-05-13,WP,358
2022-05-14,NL,6245
2022-05-14,WC,3
2022-05-14,WP,72
2022-05-15,NL,17732
2022-05-16,NL,29959
2022-05-16,WC,23
2022-05-16,WP,969
2022-05-17,NL,43945
2022-05-17,TL,32
2022-05-17,WC,7
2022-05-17,WP,368
2022-05-18,NL,15554
2022-05-18,TL,7
2022-05-18,WC,1
2022-05-18,WP,357
2022-05-19,NL,30649
2022-05-19,TL,9
2022-05-19,WC,13
2022-05-19,WP,458
2022-05-20,NL,214
2022-05-20,TL,5
2022-05-20,WC,7
2022-05-20,WP,314
2022-05-21,NL,5172
2022-05-21,WP,103
2022-05-22,NL,16021
2022-05-23,NL,25359
2022-05-23,TL,7
2022-05-23,WP,1077
2022-05-24,NL,5360
2022-05-24,TL,1
2022-05-24,WC,1
2022-05-24,WP,381
2022-05-25,NL,21056
2022-05-25,NLECO,6
2022-05-25,WP,439
2022-05-26,NL,28472
2022-05-26,WC,1
2022-05-26,WP,302
2022-05-27,NL,358
2022-05-27,TL,1
2022-05-27,WC,2
2022-05-27,WP,328
2022-05-28,NL,2277
2022-05-28,WP,71
2022-05-29,NL,17095
2022-05-30,NL,24841
2022-05-30,WP,1105
2022-05-31,NL,52247
2022-05-31,NLECO,25
2022-05-31,NWKL,1626
2022-05-31,TL,1
2022-05-31,WC,8
2022-05-31,WP,358
2022-06-01,NL,14979
2022-06-01,TL,2
2022-06-01,WC,16
2022-06-01,WP,310
2022-06-02,NL,7314
2022-06-02,TL,6
2022-06-02,WP,370
2022-06-03,NL,11010
2022-06-03,TL,3
2022-06-03,WC,3
2022-06-03,WP,300
2022-06-04,NL,0
2022-06-04,WP,98
2022-06-05,NL,7182
2022-06-06,NL,24869
2022-06-06,WP,918
2022-06-07,NL,40353
2022-06-07,TL,8
2022-06-07,WP,405
2022-06-08,NL,14869
2022-06-08,TL,1
2022-06-08,WP,348
2022-06-09,NL,38095
2022-06-09,TL,9
2022-06-09,WP,310
2022-06-10,NL,187
2022-06-10,TL,6
2022-06-10,WC,2
2022-06-10,WP,329
2022-06-11,NL,8894
2022-06-11,WP,61
2022-06-12,NL,14323
2022-06-13,NL,22011
2022-06-13,TL,3
2022-06-13,WC,1
2022-06-13,WP,980
2022-06-14,NL,32418
2022-06-14,TL,4
2022-06-14,WP,333
2022-06-15,NL,13271
2022-06-15,TL,8
2022-06-15,VRET,75
2022-06-15,WC,7
2022-06-15,WP,308
2022-06-16,NL,25135
2022-06-16,TL,6
2022-06-16,VRET,75
2022-06-16,WC,3
2022-06-16,WP,361
2022-06-17,NL,231
2022-06-17,TL,5
2022-06-17,WC,1
2022-06-17,WP,331
2022-06-18,NL,5041
2022-06-18,WP,70
2022-06-19,NL,13153
2022-06-20,NL,22556
2022-06-20,WC,4
2022-06-20,WP,883
2022-06-21,NL,30037
2022-06-21,TL,27
2022-06-21,WC,6
2022-06-21,WP,267
2022-06-22,NL,14122
2022-06-22,TL,3
2022-06-22,WC,2
2022-06-22,WP,257
2022-06-23,NL,26183
2022-06-23,TL,3
2022-06-23,WC,13
2022-06-23,WP,270
2022-06-24,NL,445
2022-06-24,TL,1
2022-06-24,WC,10
2022-06-24,WP,256
2022-06-25,NL,5477
2022-06-25,WC,6
2022-06-25,WP,47
2022-06-26,NL,14633
2022-06-27,NL,23499
2022-06-27,TL,4
2022-06-27,WC,3
2022-06-27,WP,921
2022-06-28,NL,34776
2022-06-28,TL,4
2022-06-28,WC,4
2022-06-28,WP,311
2022-06-29,NL,11006
2022-06-29,TL,6
2022-06-29,WC,11
2022-06-29,WP,344
2022-06-30,NL,23117
2022-06-30,NWKL,5184
2022-06-30,TL,96
2022-06-30,WC,5
2022-06-30,WP,296
2022-07-01,NL,253
2022-07-01,WC,1
2022-07-01,WP,244
2022-07-02,NL,4555
2022-07-02,WP,55
2022-07-03,NL,12555
2022-07-04,NL,21762
2022-07-04,TL,12
2022-07-04,WC,4
2022-07-04,WP,884
2022-07-05,NL,29873
2022-07-05,NWKL,3563
2022-07-05,WC,7
2022-07-05,WP,275
2022-07-06,NL,11892
2022-07-06,NWKL,1468
2022-07-06,TL,1
2022-07-06,WP,317
2022-07-07,NL,26226
2022-07-07,TL,1
2022-07-07,WC,2
2022-07-07,WP,272
2022-07-08,NL,336
2022-07-08,TL,1
2022-07-08,WC,2
2022-07-08,WP,368
2022-07-09,NL,4764
2022-07-09,WP,44
2022-07-10,NL,14233
2022-07-11,NL,22962
2022-07-11,WC,1
2022-07-11,WP,939
2022-07-12,NL,40361
2022-07-12,TL,2
2022-07-12,WC,2
2022-07-12,WP,372
2022-07-13,NL,14802
2022-07-13,TL,4
2022-07-13,WC,12
2022-07-13,WP,279
2022-07-14,NL,28288
2022-07-14,NWKL,1556
2022-07-14,WC,6
2022-07-14,WP,330
2022-07-15,NL,223
2022-07-15,NWDSP,16
2022-07-15,WC,8
2022-07-15,WP,246
2022-07-16,NL,4324
2022-07-16,WP,93
2022-07-17,NL,13890
2022-07-18,NL,19976
2022-07-18,WC,1
2022-07-18,WP,871
2022-07-19,NL,5825
2022-07-19,WC,5
2022-07-19,WP,301
2022-07-20,NL,10175
2022-07-20,VRET,75
2022-07-20,WC,4
2022-07-20,WP,351
2022-07-21,NL,23494
2022-07-21,WC,13
2022-07-21,WP,262
2022-07-22,NL,152
2022-07-22,TL,1
2022-07-22,WC,4
2022-07-22,WP,291
2022-07-23,NL,4423
2022-07-23,WP,59
2022-07-24,NL,4181
2022-07-25,NL,11021
2022-07-25,TL,8
2022-07-25,VRET,49
2022-07-25,WC,5
2022-07-25,WP,741
2022-07-26,NL,43879
2022-07-26,TL,1
2022-07-26,VRET,49
2022-07-26,WC,2
2022-07-26,WP,231
2022-07-27,NL,13207
2022-07-27,VRET,125
2022-07-27,WP,302
2022-07-28,NL,22666
2022-07-28,TL,3
2022-07-28,VRET,100
2022-07-28,WC,4
2022-07-28,WP,287
2022-07-29,NL,99
2022-07-29,WC,3
2022-07-29,WP,229
2022-07-30,NL,4470
2022-07-30,WP,57
2022-07-31,NL,18674
2022-08-01,NL,20256
2022-08-01,WC,1
2022-08-01,WP,608
2022-08-02,NL,23987
2022-08-03,NL,2235
2022-08-04,NL,1921
2022-08-05,NL,0
2022-08-06,NL,2163
2022-08-07,NL,3696
2022-08-08,NL,9359
2022-08-09,NL,17846
2022-08-10,NL,8907
2022-08-11,NL,7781
2022-08-12,NL,11039
2022-08-13,NL,3890
2022-08-14,NL,5263
2022-08-15,NL,16039
2022-08-16,NL,26133
2022-08-16,WC,0
2022-08-16,WP,1356
2022-08-17,NL,34622
2022-08-17,WP,3114
2022-08-18,NL,39013
2022-08-18,WC,12
2022-08-18,WP,312
2022-08-19,NL,5085
2022-08-19,WP,446
2022-08-20,NL,6820
2022-08-20,WP,310
2022-08-21,NL,16095
2022-08-22,NL,36587
2022-08-22,WC,1
2022-08-22,WP,771
2022-08-23,NL,42409
2022-08-23,WP,306
2022-08-24,NL,14770
2022-08-24,TL,16
2022-08-24,WC,3
2022-08-24,WP,353
2022-08-25,NL,54357
2022-08-25,WC,6
2022-08-25,WP,217
2022-08-26,NL,3076
2022-08-26,WP,458
2022-08-27,NL,10203
2022-08-27,TL,4
2022-08-27,WP,250
2022-08-28,NL,33686
2022-08-29,NL,41420
2022-08-29,WC,5
2022-08-29,WP,793
2022-08-30,NL,65313
2022-08-30,WP,357
2022-08-31,NL,29780
2022-08-31,TL,18
2022-08-31,WP,319
2022-09-01,NL,39251
2022-09-01,TL,5
2022-09-01,WC,10
2022-09-01,WP,453
2022-09-02,NL,1147
2022-09-02,WC,5
2022-09-02,WP,249
2022-09-03,NL,9664
2022-09-03,WP,199
2022-09-04,NL,22020
2022-09-05,NL,33168
2022-09-05,TL,9
2022-09-05,WP,597
2022-09-06,NL,52702
2022-09-06,TL,1
2022-09-06,WP,377
2022-09-07,NL,20398
2022-09-07,TL,2
2022-09-07,WC,4
2022-09-07,WP,298
2022-09-08,NL,33943
2022-09-08,TL,4
2022-09-08,WC,2
2022-09-08,WP,246
2022-09-09,NL,1682
2022-09-09,WC,4
2022-09-09,WP,358
2022-09-10,NL,7447
2022-09-10,WP,53
2022-09-11,NL,18499
2022-09-12,NL,26410
2022-09-12,TL,3
2022-09-12,WP,841
2022-09-13,NL,40225
2022-09-13,WC,35
2022-09-13,WP,229
2022-09-14,NL,15669
2022-09-14,WC,5
2022-09-14,WP,383
2022-09-15,NL,27654
2022-09-15,WC,1
2022-09-15,WP,417
2022-09-16,NL,1456
2022-09-16,WC,17
2022-09-16,WP,295
2022-09-17,NL,6278
2022-09-17,WC,1
2022-09-17,WP,29
2022-09-18,NL,16017
2022-09-19,NL,25330
2022-09-19,TL,2
2022-09-19,WC,16
2022-09-19,WP,1007
2022-09-20,NL,46443
2022-09-20,WC,20
2022-09-20,WP,255
2022-09-21,NL,15256
2022-09-21,TL,4
2022-09-21,WC,13
2022-09-21,WP,295
2022-09-22,NL,23657
2022-09-22,WC,21
2022-09-22,WP,327
2022-09-23,NL,540
2022-09-23,TL,3
2022-09-23,WC,18
2022-09-23,WP,231
2022-09-24,NL,3925
2022-09-24,WC,3
2022-09-24,WP,58
2022-09-25,NL,14387
2022-09-26,NL,26802
2022-09-26,WC,18
2022-09-26,WP,863
2022-09-27,NL,49583
2022-09-27,TL,2
2022-09-27,WC,3
2022-09-27,WP,332
2022-09-28,NL,20112
2022-09-28,TL,6
2022-09-28,WC,47
2022-09-28,WP,326
2022-09-29,NL,36933
2022-09-29,WC,6
2022-09-29,WP,308
2022-09-30,NL,324
2022-09-30,TL,3
2022-09-30,WC,12
2022-09-30,WP,303
2022-10-01,NL,6629
2022-10-01,WC,8
2022-10-01,WP,150
2022-10-02,NL,20966
2022-10-03,NL,25146
2022-10-03,TL,1
2022-10-03,WC,6
2022-10-03,WP,1010
2022-10-04,NL,39695
2022-10-04,TL,4
2022-10-04,WC,25
2022-10-04,WP,332
2022-10-05,NL,20246
2022-10-05,TL,2
2022-10-05,WC,11
2022-10-05,WP,334
2022-10-06,NL,35441
2022-10-06,TL,3
2022-10-06,WC,19
2022-10-06,WP,330
2022-10-07,NL,1464
2022-10-07,TL,9
2022-10-07,WC,8
2022-10-07,WP,188
2022-10-08,NL,6072
2022-10-08,WC,10
2022-10-08,WP,102
2022-10-09,NL,21403
2022-10-10,NL,19500
2022-10-10,TL,3
2022-10-10,WC,12
2022-10-10,WP,783
2022-10-11,NL,65133
2022-10-11,TL,4
2022-10-11,WC,38
2022-10-11,WP,339
2022-10-12,NL,19430
2022-10-12,TL,5
2022-10-12,WC,12
2022-10-12,WP,234
2022-10-13,NL,32303
2022-10-13,TL,3
2022-10-13,WC,14
2022-10-13,WP,297
2022-10-14,NL,1205
2022-10-14,WC,28
2022-10-14,WP,287
2022-10-15,NL,4994
2022-10-15,WC,16
2022-10-15,WP,147
2022-10-16,NL,18041
2022-10-17,NL,29201
2022-10-17,TL,10
2022-10-17,WC,5
2022-10-17,WP,848
2022-10-18,NL,46681
2022-10-18,NLKER,192
2022-10-18,WC,1
2022-10-18,WP,470
2022-10-19,NL,19543
2022-10-19,TL,6
2022-10-19,WC,11
2022-10-19,WP,345
2022-10-20,NL,31449
2022-10-20,TL,7
2022-10-20,WC,7
2022-10-20,WP,306
2022-10-21,NL,1240
2022-10-21,TL,1
2022-10-21,WC,13
2022-10-21,WP,274
2022-10-22,NL,5665
2022-10-22,WC,10
2022-10-22,WP,109
2022-10-23,NL,15767
2022-10-24,NL,24130
2022-10-24,NWDSP,33
2022-10-24,TL,2
2022-10-24,WC,8
2022-10-24,WP,832
2022-10-25,NL,37095
2022-10-25,VKER,487
2022-10-25,VRET,100
2022-10-25,WC,34
2022-10-25,WP,307
2022-10-26,NL,16365
2022-10-26,TL,2
2022-10-26,VKER,367
2022-10-26,VRET,125
2022-10-26,WC,31
2022-10-26,WP,363
2022-10-27,NL,30394
2022-10-27,NWDSP,4
2022-10-27,TL,2
2022-10-27,VKER,373
2022-10-27,WC,9
2022-10-27,WP,390
2022-10-28,NL,190
2022-10-28,TL,1
2022-10-28,VKER,311
2022-10-28,WC,10
2022-10-28,WP,328
2022-10-29,NL,5087
2022-10-29,WC,26
2022-10-29,WP,112
2022-10-30,NL,3887
2022-10-31,NL,30471
2022-10-31,TL,9
2022-10-31,WC,26
2022-10-31,WP,1417
2022-11-01,NL,40496
2022-11-01,WC,11
2022-11-01,WP,402
2022-11-02,NL,21546
2022-11-02,TL,3
2022-11-02,WC,24
2022-11-02,WP,523
2022-11-03,NL,37822
2022-11-03,TL,9
2022-11-03,WC,13
2022-11-03,WP,478
2022-11-04,NL,504
2022-11-04,WC,17
2022-11-04,WP,407
2022-11-05,NL,5718
2022-11-05,WC,7
2022-11-05,WP,223
2022-11-06,NL,13084
2022-11-07,NL,38274
2022-11-07,TL,7
2022-11-07,WC,8
2022-11-07,WP,1426
2022-11-08,NL,50182
2022-11-08,WC,6
2022-11-08,WP,441
2022-11-09,NL,5201
2022-11-09,TL,5
2022-11-09,WC,30
2022-11-09,WP,416
2022-11-10,NL,25971
2022-11-10,WC,21
2022-11-10,WP,466
2022-11-11,NL,295
2022-11-11,WC,46
2022-11-11,WP,491
2022-11-12,NL,6898
2022-11-12,WP,236
2022-11-13,NL,24235
2022-11-14,NL,25611
2022-11-14,TL,7
2022-11-14,WP,1496
2022-11-15,NL,33694
2022-11-15,TL,8
2022-11-15,WC,21
2022-11-15,WP,445
2022-11-16,NL,26525
2022-11-16,WC,3
2022-11-16,WP,478
2022-11-17,NL,32933
2022-11-17,WC,26
2022-11-17,WP,449
2022-11-18,NL,340
2022-11-18,TL,2
2022-11-18,WC,16
2022-11-18,WP,430
2022-11-19,NL,6099
2022-11-19,WC,6
2022-11-19,WP,184
2022-11-20,NL,16359
2022-11-21,NL,34138
2022-11-21,TL,2
2022-11-21,WP,1642
2022-11-22,NL,37119
2022-11-22,VRET,50
2022-11-22,WC,7
2022-11-22,WP,540
2022-11-23,NL,22140
2022-11-23,TL,6
2022-11-23,WC,25
2022-11-23,WP,556
2022-11-24,NL,35610
2022-11-24,WC,30
2022-11-24,WP,514
2022-11-25,NL,1568
2022-11-25,NWDSP,16
2022-11-25,NWECO,71
2022-11-25,WC,26
2022-11-25,WP,949
2022-11-26,NL,7406
2022-11-26,WC,18
2022-11-26,WP,434
2022-11-27,NL,18037
2022-11-28,NL,26537
2022-11-28,TL,5
2022-11-28,WP,3519
2022-11-29,NL,44021
2022-11-29,WC,6
2022-11-29,WP,1381
2022-11-30,NL,20099
2022-11-30,TL,21
2022-11-30,WC,8
2022-11-30,WP,670
2022-12-01,NL,34800
2022-12-01,TL,4
2022-12-01,WP,499
2022-12-02,NL,283
2022-12-02,WC,34
2022-12-02,WP,471
2022-12-03,NL,7411
2022-12-03,WC,2
2022-12-03,WP,206
2022-12-04,NL,19991
2022-12-05,NL,28634
2022-12-05,TL,3
2022-12-05,WC,31
2022-12-05,WP,1462
2022-12-06,NL,49477
2022-12-06,TL,2
2022-12-06,VRET,25
2022-12-06,WC,20
2022-12-06,WP,614
2022-12-07,NL,24180
2022-12-07,TL,18
2022-12-07,WC,6
2022-12-07,WP,697
2022-12-08,NL,32320
2022-12-08,WC,5
2022-12-08,WP,578
2022-12-09,NL,875
2022-12-09,WC,7
2022-12-09,WP,470
2022-12-10,NL,6454
2022-12-10,WP,209
2022-12-11,NL,22678
2022-12-12,NL,28763
2022-12-12,WP,1603
2022-12-13,NL,48731
2022-12-13,TL,2
2022-12-13,WC,14
2022-12-13,WP,601
2022-12-14,NL,19381
2022-12-14,TL,9
2022-12-14,WC,8
2022-12-14,WP,546
2022-12-15,NL,33936
2022-12-15,TL,1
2022-12-15,WC,48
2022-12-15,WP,612
2022-12-16,NL,208
2022-12-16,TL,2
2022-12-16,WC,31
2022-12-16,WP,472
2022-12-17,NL,6036
2022-12-17,WC,26
2022-12-17,WP,200
2022-12-18,NL,19384
2022-12-19,NL,23138
2022-12-19,TL,3
2022-12-19,WC,3
2022-12-19,WP,1327
2022-12-20,NL,32377
2022-12-20,NWDSP,33
2022-12-20,NWECO,41
2022-12-20,WC,6
2022-12-20,WP,381
2022-12-21,NL,16863
2022-12-21,WC,13
2022-12-21,WP,343
2022-12-22,NL,30394
2022-12-22,TL,21
2022-12-22,WC,3
2022-12-22,WP,214
2022-12-23,NL,583
2022-12-23,TL,1
2022-12-23,WC,6
2022-12-23,WP,199
2022-12-24,NL,5519
2022-12-24,WP,78
2022-12-25,NL,18790
2022-12-26,NL,22080
2022-12-26,TL,1
2022-12-26,WP,454
2022-12-27,NL,38464
2022-12-27,VRET,25
2022-12-27,WC,4
2022-12-27,WP,292
2022-12-28,NL,14228
2022-12-28,TL,1
2022-12-28,WP,378
2022-12-29,NL,26846
2022-12-29,VRET,23
2022-12-29,WC,8
2022-12-29,WP,279
2022-12-30,NL,215
2022-12-30,WC,3
2022-12-30,WP,307
2022-12-31,NL,5026
2022-12-31,WC,4
2022-12-31,WP,107
2023-01-01,NL,14205
2023-01-02,NL,19582
2023-01-02,NWKL,451
2023-01-02,WC,7
2023-01-02,WP,591
2023-01-03,NL,31977
2023-01-03,WC,3
2023-01-03,WP,351
2023-01-04,NL,15341
2023-01-04,TL,122
2023-01-04,WC,4
2023-01-04,WP,360
2023-01-05,NL,22863
2023-01-05,TL,62
2023-01-05,WC,19
2023-01-05,WP,332
2023-01-06,NL,1013
2023-01-06,TL,24
2023-01-06,WC,17
2023-01-06,WP,226
2023-01-07,NL,3402
2023-01-07,WC,4
2023-01-07,WP,147
2023-01-08,NL,12053
2023-01-09,NL,18248
2023-01-09,WC,7
2023-01-09,WP,851
2023-01-10,NL,26540
2023-01-10,TL,1
2023-01-10,WC,7
2023-01-10,WP,319
2023-01-11,NL,11513
2023-01-11,WC,4
2023-01-11,WP,341
2023-01-12,NL,21239
2023-01-12,WC,14
2023-01-12,WP,271
2023-01-13,NL,4
2023-01-13,TL,4
2023-01-13,WP,328
2023-01-14,NL,1331
2023-01-14,WC,9
2023-01-14,WP,58
2023-01-15,NL,12375
2023-01-16,NL,23814
2023-01-16,TL,11
2023-01-16,WP,1212
2023-01-17,NL,28135
2023-01-17,TL,7
2023-01-17,WC,2
2023-01-17,WP,282
2023-01-18,NL,13164
2023-01-18,TL,2
2023-01-18,WC,9
2023-01-18,WP,301
2023-01-19,NL,21787
2023-01-19,TL,6
2023-01-19,WC,1
2023-01-19,WP,279
2023-01-20,NL,39
2023-01-20,WC,33
2023-01-20,WP,226
2023-01-21,NL,1030
2023-01-21,WC,8
2023-01-21,WP,47
2023-01-22,NL,10843
2023-01-23,NL,17532
2023-01-23,TL,5
2023-01-23,WC,20
2023-01-23,WP,1058
2023-01-24,NL,25797
2023-01-24,TL,3
2023-01-24,WP,434
2023-01-25,NL,12270
2023-01-25,WP,420
2023-01-26,NL,25494
2023-01-26,TL,1
2023-01-26,VRET,25
2023-01-26,WC,4
2023-01-26,WP,298
2023-01-27,NL,47
2023-01-27,TL,2
2023-01-27,WC,4
2023-01-27,WP,343
2023-01-28,NL,2095
2023-01-28,WC,10
2023-01-28,WP,131
2023-01-29,NL,11379
2023-01-30,NL,15839
2023-01-30,TL,58
2023-01-30,WC,14
2023-01-30,WP,1185
2023-01-31,NL,15336
2023-01-31,TL,2
2023-01-31,WP,727
2023-02-01,NL,12680
2023-02-01,TL,4
2023-02-01,WC,10
2023-02-01,WP,352
2023-02-02,NL,23926
2023-02-02,TL,7
2023-02-02,VRET,25
2023-02-02,WC,3
2023-02-02,WP,379
2023-02-03,NL,261
2023-02-03,TL,8
2023-02-03,WC,15
2023-02-03,WP,355
2023-02-04,NL,1377
2023-02-04,WC,1
2023-02-04,WP,165
2023-02-05,NL,7396
2023-02-06,NL,24500
2023-02-06,TL,6
2023-02-06,WC,3
2023-02-06,WP,1142
2023-02-07,NL,30588
2023-02-07,TL,6
2023-02-07,WC,1
2023-02-07,WP,364
2023-02-08,NL,2392
2023-02-08,WC,14
2023-02-08,WP,436
2023-02-09,NL,19909
2023-02-09,WC,1
2023-02-09,WP,304
2023-02-10,NL,3
2023-02-10,TL,1
2023-02-10,WC,15
2023-02-10,WP,226
2023-02-11,NL,1023
2023-02-11,WC,6
2023-02-11,WP,132
2023-02-12,NL,16907
2023-02-13,NL,16738
2023-02-13,TL,5
2023-02-13,WC,6
2023-02-13,WP,959
2023-02-14,NL,42544
2023-02-14,WC,8
2023-02-14,WP,304
2023-02-15,NL,22542
2023-02-15,TL,1
2023-02-15,WP,320
2023-02-16,NL,23758
2023-02-16,TL,2
2023-02-16,WC,1
2023-02-16,WP,303
2023-02-17,NL,112
2023-02-17,WC,9
2023-02-17,WP,275
2023-02-18,NL,1431
2023-02-18,WC,15
2023-02-18,WP,56
2023-02-19,NL,14911
2023-02-20,NL,19730
2023-02-20,TL,8
2023-02-20,WP,951
2023-02-21,NL,29049
2023-02-21,NWECO,75
2023-02-21,NWKL,1373
2023-02-21,TL,27
2023-02-21,WC,4
2023-02-21,WP,321
2023-02-22,NL,13624
2023-02-22,TL,5
2023-02-22,VRET,50
2023-02-22,WP,373
2023-02-23,NL,24532
2023-02-23,WC,2
2023-02-23,WP,308
2023-02-24,NL,896
2023-02-24,WC,15
2023-02-24,WP,320
2023-02-25,NL,1807
2023-02-25,WC,9
2023-02-25,WP,137
2023-02-26,NL,14884
2023-02-27,NL,26137
2023-02-27,WC,7
2023-02-27,WP,1462
2023-02-28,NL,26149
2023-02-28,WC,17
2023-02-28,WP,456
2023-03-01,NL,1458
2023-03-01,WC,6
2023-03-01,WP,318
2023-03-02,NL,24613
2023-03-02,WC,4
2023-03-02,WP,320
2023-03-03,NL,62
2023-03-03,WC,1
2023-03-03,WP,346
2023-03-04,NL,1383
2023-03-04,WC,6
2023-03-04,WP,137
2023-03-05,NL,13624
2023-03-06,NL,14878
2023-03-06,TL,2
2023-03-06,WC,6
2023-03-06,WP,1000
2023-03-07,NL,24679
2023-03-07,WC,5
2023-03-07,WP,375
2023-03-08,NL,21938
2023-03-08,TL,6
2023-03-08,VRET,25
2023-03-08,WC,14
2023-03-08,WP,348
2023-03-09,NL,18974
2023-03-09,TL,3
2023-03-09,WC,4
2023-03-09,WP,290
2023-03-10,NL,378
2023-03-10,WC,3
2023-03-10,WP,366
2023-03-11,NL,1590
2023-03-11,WC,2
2023-03-11,WP,115
2023-03-12,NL,8754
2023-03-13,NL,27866
2023-03-13,TL,5
2023-03-13,WC,5
2023-03-13,WP,937
2023-03-14,NL,43111
2023-03-14,TL,18
2023-03-14,WC,5
2023-03-14,WP,367
2023-03-15,NL,15948
2023-03-15,TL,1
2023-03-15,VRET,25
2023-03-15,WC,10
2023-03-15,WP,271
2023-03-16,NL,36627
2023-03-16,WP,311
2023-03-17,NL,214
2023-03-17,TL,2
2023-03-17,WC,1
2023-03-17,WP,309
2023-03-18,NL,2108
2023-03-18,WP,140
2023-03-19,NL,20020
2023-03-20,NL,11777
2023-03-20,TL,15
2023-03-20,WC,1
2023-03-20,WP,881
2023-03-21,NL,29862
2023-03-21,NWDSP,6
2023-03-21,NWECO,146
2023-03-21,NWKL,2965
2023-03-21,WC,22
2023-03-21,WP,307
2023-03-22,NL,13488
2023-03-22,TL,4
2023-03-22,WC,10
2023-03-22,WP,284
2023-03-23,NL,16003
2023-03-23,TL,11
2023-03-23,WP,295
2023-03-24,NL,110
2023-03-24,TL,14
2023-03-24,WC,4
2023-03-24,WP,355
2023-03-25,NL,1116
2023-03-25,WP,174
2023-03-26,NL,11186
2023-03-27,NL,28418
2023-03-27,TL,1
2023-03-27,WP,1527
2023-03-28,NL,38226
2023-03-28,WP,397
2023-03-29,NL,20595
2023-03-29,TL,4
2023-03-29,WP,366
2023-03-30,NL,37666
2023-03-30,TL,2
2023-03-30,WC,1
2023-03-30,WP,353
2023-03-31,NL,2328
2023-03-31,NWKL,439
2023-03-31,TL,6
2023-03-31,WC,3
2023-03-31,WP,341
2023-04-01,NL,1757
2023-04-01,WC,3
2023-04-01,WP,117
2023-04-02,NL,18255
2023-04-03,NL,26356
2023-04-03,WC,3
2023-04-03,WP,964
2023-04-04,NL,36106
2023-04-04,NWDSP,24
2023-04-04,NWKL,2
2023-04-04,TL,1
2023-04-04,WC,2
2023-04-04,WP,449
2023-04-05,NL,18952
2023-04-05,WC,6
2023-04-05,WP,368
2023-04-06,NL,9802
2023-04-06,NWKL,1358
2023-04-06,TL,3
2023-04-06,WC,12
2023-04-06,WP,305
2023-04-07,NL,1865
2023-04-07,NLECO,84
2023-04-07,NWDSP,14
2023-04-07,NWECO,8
2023-04-07,NWKL,407
2023-04-07,WC,11
2023-04-07,WP,279
2023-04-08,NL,247
2023-04-08,WC,8
2023-04-08,WP,125
2023-04-09,NL,12782
2023-04-10,NL,21821
2023-04-10,WP,997
2023-04-11,NL,33536
2023-04-11,TL,5
2023-04-11,WC,1
2023-04-11,WP,573
2023-04-12,NL,14551
2023-04-12,TL,2
2023-04-12,WC,4
2023-04-12,WP,310
2023-04-13,NL,35399
2023-04-13,NWDSP,37
2023-04-13,NWECO,66
2023-04-13,NWKL,1332
2023-04-13,TL,2
2023-04-13,WP,352
2023-04-14,NL,600
2023-04-14,TL,3
2023-04-14,WC,9
2023-04-14,WP,293
2023-04-15,NL,1303
2023-04-15,WP,161
2023-04-16,NL,7528
2023-04-17,NL,25636
2023-04-17,TL,11
2023-04-17,WC,7
2023-04-17,WP,1384
2023-04-18,NL,42554
2023-04-18,TL,1
2023-04-18,WC,1
2023-04-18,WP,358
2023-04-19,NL,17926
2023-04-19,TL,6
2023-04-19,WC,14
2023-04-19,WP,399
2023-04-20,NL,34070
2023-04-20,TL,3
2023-04-20,WC,15
2023-04-20,WP,457
2023-04-21,NL,87
2023-04-21,WC,1
2023-04-21,WP,435
2023-04-22,NL,1335
2023-04-22,WC,4
2023-04-22,WP,156
2023-04-23,NL,19798
2023-04-24,NL,21165
2023-04-24,TL,4
2023-04-24,WP,1147
2023-04-25,NL,34787
2023-04-25,NWDSP,21
2023-04-25,TL,4
2023-04-25,WC,8
2023-04-25,WP,503
2023-04-26,NL,26773
2023-04-26,TL,6
2023-04-26,WP,470
2023-04-27,NL,5053
2023-04-27,NWDSP,1
2023-04-27,TL,5
2023-04-27,VRET,198
2023-04-27,WC,1
2023-04-27,WP,469
2023-04-28,NL,9
2023-04-28,NWDSP,11
2023-04-28,NWECO,137
2023-04-28,NWKL,86
2023-04-28,WC,6
2023-04-28,WP,412
2023-04-29,NL,329
2023-04-29,WP,206
2023-04-30,NL,11677
2023-05-01,NL,22418
2023-05-01,WC,7
2023-05-01,WP,1686
2023-05-02,NL,33140
2023-05-02,TL,15
2023-05-02,WC,3
2023-05-02,WP,788
2023-05-03,NL,19510
2023-05-03,TL,7
2023-05-03,WC,43
2023-05-03,WP,496
2023-05-04,NL,35702
2023-05-04,TL,4
2023-05-04,WC,10
2023-05-04,WP,585
2023-05-05,NL,5
2023-05-05,TL,8
2023-05-05,WC,7
2023-05-05,WP,465
2023-05-06,NL,496
2023-05-06,WC,1
2023-05-06,WP,191
2023-05-07,NL,15650
2023-05-08,NL,23248
2023-05-08,TL,15
2023-05-08,WP,1430
2023-05-09,NL,35935
2023-05-09,TL,1
2023-05-09,WC,21
2023-05-09,WP,523
2023-05-10,NL,13293
2023-05-10,TL,21
2023-05-10,WC,2
2023-05-10,WP,603
2023-05-11,NL,30097
2023-05-11,TL,12
2023-05-11,WP,483
2023-05-12,NL,188
2023-05-12,TL,11
2023-05-12,WC,3
2023-05-12,WP,443
2023-05-13,NL,912
2023-05-13,WC,3
2023-05-13,WP,148
2023-05-14,NL,16156
2023-05-15,NL,24019
2023-05-15,TL,11
2023-05-15,WC,5
2023-05-15,WP,1239
2023-05-16,NL,4668
2023-05-16,TL,3
2023-05-16,WC,4
2023-05-16,WP,471
2023-05-17,NL,11344
2023-05-17,TL,1
2023-05-17,VRET,198
2023-05-17,WC,8
2023-05-17,WP,485
2023-05-18,NL,26158
2023-05-18,WC,13
2023-05-18,WP,501
2023-05-19,NL,57
2023-05-19,TL,3
2023-05-19,WC,16
2023-05-19,WP,669
2023-05-20,NL,1018
2023-05-20,WP,290
2023-05-21,NL,14905
2023-05-22,NL,11528
2023-05-22,TL,32
2023-05-22,WP,2284
2023-05-23,NL,42778
2023-05-23,TL,3
2023-05-23,WC,4
2023-05-23,WP,507
2023-05-24,NL,14541
2023-05-24,TL,9
2023-05-24,WC,13
2023-05-24,WP,537
2023-05-25,NL,10164
2023-05-25,TL,9
2023-05-25,WP,504
2023-05-26,NL,90
2023-05-26,TL,13
2023-05-26,WC,10
2023-05-26,WP,499
2023-05-27,NL,327
2023-05-27,WP,152
2023-05-28,NL,9676
2023-05-29,NL,18101
2023-05-29,WC,3
2023-05-29,WP,1566
2023-05-30,NL,29655
2023-05-30,TL,10
2023-05-30,WP,788
2023-05-31,NL,14251
2023-05-31,TL,6
2023-05-31,WP,720
2023-06-01,NL,33481
2023-06-01,TL,7
2023-06-01,WC,2
2023-06-01,WP,677
2023-06-02,NL,23
2023-06-02,TL,7
2023-06-02,WC,1
2023-06-02,WP,613
2023-06-03,NL,961
2023-06-03,WP,251
2023-06-04,NL,15300
2023-06-05,NL,22219
2023-06-05,TL,2
2023-06-05,WP,1732
2023-06-06,NL,33001
2023-06-06,TL,1
2023-06-06,WP,676
2023-06-07,NL,12543
2023-06-07,TL,10
2023-06-07,WC,2
2023-06-07,WP,583
2023-06-08,NL,26121
2023-06-08,TL,8
2023-06-08,WP,646
2023-06-09,NL,23
2023-06-09,TL,9
2023-06-09,WC,4
2023-06-09,WP,557
2023-06-10,NL,943
2023-06-10,WC,4
2023-06-10,WP,187
2023-06-11,NL,12903
2023-06-12,NL,20489
2023-06-12,TL,4
2023-06-12,WP,1640
2023-06-13,NL,29242
2023-06-13,TL,27
2023-06-13,WP,679
2023-06-14,NL,14172
2023-06-14,TL,8
2023-06-14,WC,2
2023-06-14,WP,671
2023-06-15,NL,26259
2023-06-15,WC,9
2023-06-15,WP,537
2023-06-16,NL,396
2023-06-16,TL,4
2023-06-16,WC,1
2023-06-16,WP,608
2023-06-17,NL,1158
2023-06-17,WP,223
2023-06-18,NL,16885
2023-06-19,NL,20969
2023-06-19,TL,14
2023-06-19,WC,7
2023-06-19,WP,1395
2023-06-20,NL,28675
2023-06-20,TL,5
2023-06-20,VRET,195
2023-06-20,WC,5
2023-06-20,WP,563
2023-06-21,NL,15621
2023-06-21,WP,561
2023-06-22,NL,23428
2023-06-22,TL,1
2023-06-22,WP,532
2023-06-23,NL,19
2023-06-23,TL,3
2023-06-23,WC,11
2023-06-23,WP,399
2023-06-24,NL,944
2023-06-24,WC,2
2023-06-24,WP,192
2023-06-25,NL,13325
2023-06-26,NL,20099
2023-06-26,TL,2
2023-06-26,WC,1
2023-06-26,WP,1424
2023-06-27,NL,27217
2023-06-27,TL,4
2023-06-27,WC,4
2023-06-27,WP,511
2023-06-28,NL,12294
2023-06-28,TL,2
2023-06-28,WC,13
2023-06-28,WP,612
2023-06-29,NL,22726
2023-06-29,WC,1
2023-06-29,WP,603
2023-06-30,NL,73
2023-06-30,TL,11
2023-06-30,WC,10
2023-06-30,WP,513
2023-07-01,NL,460
2023-07-01,WP,241
2023-07-02,NL,13382
2023-07-03,NL,19558
2023-07-03,TL,5
2023-07-03,WC,24
2023-07-03,WP,1309
2023-07-04,NL,28421
2023-07-04,TL,11
2023-07-04,WC,3
2023-07-04,WP,422
2023-07-05,NL,14953
2023-07-05,TL,17
2023-07-05,WC,5
2023-07-05,WP,487
2023-07-06,NL,25266
2023-07-06,TL,9
2023-07-06,WP,562
2023-07-07,NL,11
2023-07-07,TL,1
2023-07-07,WP,520
2023-07-08,NL,821
2023-07-08,WP,263
2023-07-09,NL,15392
2023-07-10,NL,21780
2023-07-10,TL,7
2023-07-10,WP,1573
2023-07-11,NL,30600
2023-07-11,TL,1
2023-07-11,WP,523
2023-07-12,NL,14157
2023-07-12,TL,6
2023-07-12,WP,591
2023-07-13,NL,24929
2023-07-13,TL,3
2023-07-13,WC,5
2023-07-13,WP,546
2023-07-14,NL,9
2023-07-14,TL,4
2023-07-14,WP,516
2023-07-15,NL,835
2023-07-15,WP,192
2023-07-16,NL,15543
2023-07-17,NL,27313
2023-07-17,TL,9
2023-07-17,WC,1
2023-07-17,WP,1407
2023-07-18,NL,37771
2023-07-18,TL,4
2023-07-18,WC,16
2023-07-18,WP,552
2023-07-19,NL,5305
2023-07-19,TL,7
2023-07-19,VRET,221
2023-07-19,WC,2
2023-07-19,WP,464
2023-07-20,NL,24877
2023-07-20,TL,3
2023-07-20,WC,2
2023-07-20,WP,465
2023-07-21,NL,1
2023-07-21,WC,2
2023-07-21,WP,426
2023-07-22,NL,707
2023-07-22,WC,11
2023-07-22,WP,224
2023-07-23,NL,18933
2023-07-24,NL,25252
2023-07-24,TL,8
2023-07-24,WP,1094
2023-07-25,NL,30937
2023-07-25,TL,1
2023-07-25,WC,13
2023-07-25,WP,477
2023-07-26,NL,20171
2023-07-26,WC,11
2023-07-26,WP,398
2023-07-27,NL,30909
2023-07-27,TL,9
2023-07-27,WC,21
2023-07-27,WP,478
2023-07-28,NL,12
2023-07-28,TL,2
2023-07-28,WC,3
2023-07-28,WP,452
2023-07-29,NL,1243
2023-07-29,WC,1
2023-07-29,WP,211
2023-07-30,NL,19383
2023-07-31,NL,23869
2023-07-31,TL,8
2023-07-31,WC,3
2023-07-31,WP,1321
2023-08-01,NL,24591
2023-08-01,WC,11
2023-08-01,WP,617
2023-08-02,NL,19689
2023-08-02,WP,536
2023-08-03,NL,29357
2023-08-03,TL,11
2023-08-03,VRET,75
2023-08-03,WP,476
2023-08-04,NL,47
2023-08-04,WP,439
2023-08-05,NL,908
2023-08-05,WC,8
2023-08-05,WP,201
2023-08-06,NL,16928
2023-08-07,NL,15841
2023-08-07,TL,3
2023-08-07,WC,7
2023-08-07,WP,1218
2023-08-08,NL,24267
2023-08-08,TL,2
2023-08-08,WC,5
2023-08-08,WP,478
2023-08-09,NL,10805
2023-08-09,TL,1
2023-08-09,WC,7
2023-08-09,WP,375
2023-08-10,NL,26085
2023-08-10,TL,3
2023-08-10,WC,11
2023-08-10,WP,450
2023-08-11,NL,11659
2023-08-11,TL,16
2023-08-11,WC,22
2023-08-11,WP,397
2023-08-12,NL,799
2023-08-12,WC,3
2023-08-12,WP,157
2023-08-13,NL,3803
2023-08-14,NL,20916
2023-08-14,TL,3
2023-08-14,WC,13
2023-08-14,WP,1104
2023-08-15,NL,29768
2023-08-15,WC,2
2023-08-15,WP,438
2023-08-16,NL,16817
2023-08-16,TL,6
2023-08-16,WC,12
2023-08-16,WP,458
2023-08-17,NL,20157
2023-08-17,TL,2
2023-08-17,WC,9
2023-08-17,WP,442
2023-08-18,NL,1
2023-08-18,WC,19
2023-08-18,WP,430
2023-08-19,NL,1380
2023-08-19,WP,170
2023-08-20,NL,21414
2023-08-21,NL,13744
2023-08-21,TL,8
2023-08-21,WC,8
2023-08-21,WP,1104
2023-08-22,NL,30669
2023-08-22,WC,6
2023-08-22,WP,496
2023-08-23,NL,7401
2023-08-23,TL,2
2023-08-23,WC,2
2023-08-23,WP,460
2023-08-24,NL,30136
2023-08-24,TL,25
2023-08-24,VRET,50
2023-08-24,WP,462
2023-08-25,NL,313
2023-08-25,WC,8
2023-08-25,WP,436
2023-08-26,NL,2413
2023-08-26,WP,172
2023-08-27,NL,16453
2023-08-28,NL,24568
2023-08-28,TL,1
2023-08-28,WC,1
2023-08-28,WP,1300
2023-08-29,NL,30947
2023-08-29,TL,1
2023-08-29,VRET,25
2023-08-29,WC,4
2023-08-29,WP,576
2023-08-30,NL,21646
2023-08-30,TL,3
2023-08-30,WC,20
2023-08-30,WP,587
2023-08-31,NL,17922
2023-08-31,TL,25
2023-08-31,VRET,25
2023-08-31,WP,647
2023-09-01,NL,23
2023-09-01,TL,1
2023-09-01,WC,7
2023-09-01,WP,549
2023-09-02,NL,889
2023-09-02,WC,8
2023-09-02,WP,183
2023-09-03,NL,20235
2023-09-04,NL,25767
2023-09-04,TL,2
2023-09-04,WC,5
2023-09-04,WP,1542
2023-09-05,NL,22232
2023-09-05,WC,6
2023-09-05,WP,547
2023-09-06,NL,17390
2023-09-06,TL,1
2023-09-06,WC,3
2023-09-06,WP,470
2023-09-07,NL,27309
2023-09-07,TL,13
2023-09-07,WC,4
2023-09-07,WP,477
2023-09-08,NL,2
2023-09-08,TL,3
2023-09-08,WP,132
2023-09-09,NL,712
2023-09-10,NL,332
2023-09-11,NL,0
2023-09-12,NL,440
2023-09-13,NL,196
2023-09-14,NL,218
2023-09-15,NL,0
2023-09-16,NL,0
2023-09-17,NL,0
2023-09-18,NL,634
2023-09-19,NL,0
2023-09-20,NL,0
2023-09-21,NL,0
2023-09-22,NL,0
2023-09-23,NL,0
2023-09-24,NL,0
2023-09-25,NL,0
2023-09-26,NL,0
2023-09-27,NL,0
2023-09-28,NL,0
2023-09-29,NL,0
2023-09-30,NL,0
2023-10-01,NL,0
2023-10-02,NL,0
2023-10-03,NL,0
2023-10-04,NL,0
2023-10-05,NL,0
2023-10-06,NL,0
2023-10-07,NL,0
2023-10-08,NL,0
2023-10-09,NL,0
2023-10-10,NL,0
2023-10-11,NL,0
2023-10-12,NL,0
2023-10-13,NL,0
